positive,trust,anticipation,joy,negative,sadness,anger,fear,surprise,disgust,outcome
46.0,34.0,10.0,9.0,4.0,4.0,2.0,2.0,1.0,0.0,1
17.0,10.0,8.0,8.0,1.0,1.0,0.0,0.0,7.0,0.0,0
13.0,8.0,5.0,9.0,0.0,1.0,0.0,1.0,6.0,0.0,0
33.0,25.0,6.0,5.0,1.0,0.0,0.0,1.0,1.0,2.0,1
24.0,22.0,3.0,2.0,5.0,0.0,1.0,2.0,2.0,0.0,1
17.0,9.0,8.0,10.0,0.0,0.0,0.0,1.0,4.0,0.0,0
20.0,19.0,6.0,5.0,8.0,2.0,6.0,3.0,5.0,2.0,0
2.0,1.0,0.0,0.0,2.0,1.0,0.0,1.0,3.0,1.0,0
16.0,7.0,2.0,1.0,3.0,0.0,0.0,1.0,1.0,0.0,1
56.0,27.0,7.0,4.0,6.0,2.0,2.0,2.0,2.0,0.0,1
110.0,62.0,35.0,45.0,12.0,9.0,3.0,5.0,10.0,3.0,1
8.0,6.0,3.0,4.0,5.0,1.0,3.0,0.0,5.0,1.0,0
110.0,62.0,35.0,45.0,12.0,9.0,3.0,5.0,10.0,3.0,1
8.0,6.0,3.0,4.0,5.0,1.0,3.0,0.0,5.0,1.0,0
36.0,32.0,8.0,6.0,6.0,5.0,5.0,5.0,5.0,6.0,1
106.0,87.0,29.0,19.0,25.0,6.0,10.0,12.0,11.0,6.0,1
20.0,14.0,3.0,3.0,3.0,1.0,2.0,3.0,3.0,0.0,1
20.0,14.0,3.0,3.0,3.0,1.0,2.0,3.0,3.0,0.0,1
29.0,25.0,11.0,4.0,8.0,1.0,0.0,5.0,0.0,0.0,1
24.0,17.0,2.0,3.0,2.0,0.0,1.0,1.0,1.0,2.0,1
29.0,24.0,7.0,3.0,10.0,1.0,1.0,1.0,2.0,0.0,1
28.0,16.0,2.0,2.0,5.0,1.0,2.0,2.0,0.0,0.0,1
24.0,17.0,2.0,3.0,2.0,0.0,1.0,1.0,1.0,2.0,1
29.0,24.0,7.0,3.0,10.0,1.0,1.0,1.0,2.0,0.0,1
29.0,13.0,7.0,2.0,7.0,2.0,3.0,4.0,1.0,1.0,1
28.0,23.0,9.0,6.0,4.0,2.0,3.0,1.0,3.0,1.0,1
20.0,15.0,4.0,3.0,1.0,0.0,0.0,0.0,0.0,0.0,1
1.0,2.0,1.0,1.0,5.0,1.0,3.0,0.0,2.0,1.0,0
34.0,26.0,6.0,6.0,10.0,0.0,4.0,7.0,1.0,5.0,1
58.0,30.0,11.0,6.0,10.0,2.0,0.0,2.0,4.0,1.0,1
28.0,24.0,7.0,2.0,2.0,0.0,2.0,2.0,4.0,0.0,1
21.0,22.0,5.0,2.0,5.0,1.0,1.0,2.0,2.0,2.0,1
20.0,14.0,3.0,5.0,6.0,1.0,1.0,0.0,4.0,0.0,1
28.0,24.0,7.0,2.0,2.0,0.0,2.0,2.0,4.0,0.0,1
21.0,20.0,11.0,4.0,4.0,2.0,3.0,3.0,3.0,0.0,1
3.0,0.0,0.0,0.0,1.0,0.0,0.0,0.0,1.0,0.0,0
24.0,22.0,4.0,7.0,0.0,0.0,0.0,0.0,1.0,0.0,1
2.0,2.0,1.0,0.0,4.0,0.0,2.0,2.0,2.0,2.0,0
2.0,1.0,1.0,0.0,8.0,3.0,3.0,3.0,4.0,5.0,0
24.0,22.0,4.0,7.0,0.0,0.0,0.0,0.0,1.0,0.0,1
7.0,5.0,2.0,1.0,7.0,2.0,4.0,5.0,2.0,2.0,0
9.0,8.0,4.0,1.0,6.0,2.0,1.0,6.0,1.0,2.0,0
45.0,31.0,13.0,2.0,28.0,8.0,14.0,12.0,7.0,4.0,1
5.0,5.0,2.0,0.0,2.0,1.0,0.0,3.0,0.0,1.0,0
45.0,31.0,13.0,2.0,28.0,8.0,14.0,12.0,7.0,4.0,1
9.0,8.0,4.0,1.0,6.0,2.0,1.0,6.0,1.0,2.0,0
35.0,28.0,12.0,3.0,20.0,0.0,2.0,3.0,7.0,10.0,1
46.0,29.0,11.0,9.0,8.0,2.0,3.0,3.0,8.0,1.0,1
7.0,5.0,4.0,1.0,9.0,4.0,4.0,4.0,2.0,5.0,0
5.0,2.0,0.0,0.0,6.0,0.0,2.0,0.0,2.0,2.0,0
25.0,19.0,3.0,3.0,3.0,1.0,1.0,3.0,2.0,2.0,1
18.0,10.0,5.0,3.0,5.0,4.0,3.0,3.0,4.0,2.0,1
29.0,22.0,5.0,4.0,9.0,3.0,3.0,5.0,2.0,5.0,1
38.0,27.0,17.0,13.0,27.0,6.0,21.0,14.0,4.0,2.0,0
29.0,23.0,13.0,9.0,9.0,3.0,5.0,5.0,1.0,1.0,0
5.0,6.0,1.0,0.0,6.0,3.0,2.0,3.0,5.0,1.0,0
16.0,7.0,4.0,3.0,2.0,1.0,0.0,0.0,1.0,0.0,1
21.0,21.0,0.0,0.0,4.0,0.0,2.0,0.0,0.0,2.0,1
14.0,7.0,3.0,9.0,2.0,1.0,0.0,2.0,1.0,0.0,1
52.0,37.0,22.0,14.0,8.0,3.0,1.0,1.0,3.0,0.0,0
261.0,243.0,36.0,37.0,11.0,7.0,8.0,6.0,6.0,1.0,0
36.0,27.0,5.0,3.0,8.0,1.0,1.0,5.0,3.0,0.0,1
32.0,18.0,8.0,6.0,19.0,8.0,10.0,8.0,5.0,2.0,0
34.0,23.0,8.0,6.0,9.0,3.0,5.0,5.0,5.0,4.0,1
34.0,23.0,8.0,6.0,9.0,3.0,5.0,5.0,5.0,4.0,1
29.0,26.0,9.0,5.0,5.0,2.0,3.0,4.0,4.0,2.0,1
37.0,20.0,11.0,5.0,6.0,1.0,5.0,6.0,3.0,0.0,0
20.0,17.0,3.0,1.0,3.0,0.0,0.0,0.0,0.0,0.0,1
31.0,21.0,9.0,8.0,11.0,1.0,10.0,7.0,4.0,2.0,0
7.0,6.0,3.0,2.0,5.0,0.0,1.0,1.0,3.0,1.0,0
31.0,21.0,9.0,8.0,11.0,1.0,10.0,7.0,4.0,2.0,0
7.0,6.0,3.0,2.0,5.0,0.0,1.0,1.0,3.0,1.0,0
109.0,69.0,34.0,23.0,35.0,11.0,24.0,26.0,14.0,4.0,0
5.0,4.0,0.0,0.0,4.0,0.0,1.0,1.0,2.0,1.0,0
5.0,4.0,0.0,0.0,4.0,0.0,1.0,1.0,2.0,1.0,0
6.0,9.0,2.0,1.0,7.0,4.0,4.0,3.0,7.0,4.0,0
49.0,35.0,16.0,12.0,25.0,15.0,7.0,11.0,12.0,2.0,0
7.0,8.0,0.0,0.0,2.0,0.0,0.0,1.0,1.0,2.0,0
4.0,6.0,1.0,0.0,12.0,4.0,3.0,4.0,2.0,4.0,0
14.0,5.0,3.0,0.0,12.0,8.0,3.0,1.0,2.0,4.0,0
24.0,16.0,7.0,5.0,7.0,4.0,1.0,2.0,3.0,4.0,1
20.0,19.0,8.0,6.0,7.0,0.0,3.0,3.0,1.0,0.0,0
5.0,3.0,3.0,0.0,5.0,1.0,2.0,0.0,1.0,3.0,0
37.0,25.0,9.0,2.0,5.0,1.0,1.0,0.0,3.0,2.0,1
18.0,15.0,6.0,5.0,3.0,1.0,3.0,3.0,2.0,1.0,1
48.0,35.0,8.0,6.0,6.0,1.0,3.0,3.0,9.0,0.0,1
32.0,18.0,5.0,4.0,8.0,3.0,4.0,2.0,2.0,0.0,1
8.0,10.0,2.0,1.0,6.0,3.0,3.0,3.0,4.0,2.0,0
319.0,306.0,54.0,38.0,45.0,4.0,31.0,38.0,14.0,7.0,1
36.0,29.0,12.0,10.0,8.0,5.0,3.0,4.0,5.0,0.0,1
34.0,31.0,9.0,7.0,4.0,4.0,2.0,2.0,3.0,2.0,1
34.0,31.0,9.0,7.0,4.0,4.0,2.0,2.0,3.0,2.0,1
48.0,33.0,16.0,9.0,15.0,4.0,10.0,9.0,0.0,2.0,1
11.0,11.0,5.0,6.0,6.0,2.0,1.0,5.0,3.0,0.0,0
253.0,164.0,88.0,55.0,89.0,46.0,34.0,161.0,14.0,13.0,1
326.0,195.0,117.0,50.0,139.0,87.0,74.0,117.0,22.0,36.0,1
12.0,10.0,4.0,5.0,2.0,0.0,2.0,1.0,5.0,0.0,0
72.0,38.0,14.0,7.0,8.0,3.0,2.0,5.0,8.0,3.0,1
26.0,24.0,3.0,2.0,8.0,3.0,1.0,1.0,4.0,0.0,1
44.0,39.0,12.0,12.0,7.0,4.0,2.0,2.0,1.0,2.0,0
8.0,6.0,1.0,0.0,2.0,1.0,1.0,2.0,2.0,1.0,0
16.0,13.0,7.0,4.0,1.0,0.0,1.0,0.0,1.0,0.0,1
23.0,8.0,7.0,0.0,8.0,2.0,3.0,4.0,5.0,3.0,1
3.0,5.0,2.0,1.0,8.0,3.0,4.0,3.0,4.0,2.0,0
14.0,9.0,4.0,1.0,12.0,3.0,6.0,9.0,5.0,6.0,1
4.0,3.0,1.0,1.0,4.0,0.0,1.0,1.0,2.0,0.0,0
20.0,20.0,7.0,4.0,13.0,2.0,6.0,7.0,4.0,1.0,0
4.0,3.0,1.0,1.0,4.0,0.0,1.0,1.0,2.0,0.0,0
31.0,21.0,7.0,4.0,3.0,0.0,0.0,0.0,3.0,0.0,1
97.0,76.0,19.0,14.0,21.0,9.0,15.0,13.0,7.0,1.0,0
85.0,64.0,16.0,11.0,20.0,6.0,6.0,2.0,11.0,8.0,1
102.0,79.0,18.0,15.0,31.0,12.0,26.0,22.0,3.0,3.0,0
12.0,9.0,4.0,4.0,7.0,5.0,5.0,5.0,4.0,3.0,0
81.0,74.0,18.0,11.0,26.0,8.0,18.0,22.0,2.0,4.0,0
81.0,74.0,18.0,11.0,26.0,8.0,18.0,22.0,2.0,4.0,0
17.0,9.0,4.0,3.0,7.0,4.0,3.0,3.0,2.0,1.0,1
18.0,14.0,7.0,4.0,6.0,2.0,3.0,3.0,2.0,1.0,0
9.0,8.0,7.0,3.0,5.0,0.0,2.0,3.0,3.0,0.0,0
39.0,33.0,6.0,4.0,19.0,6.0,5.0,8.0,10.0,4.0,1
37.0,32.0,10.0,5.0,13.0,2.0,3.0,4.0,2.0,6.0,1
50.0,34.0,27.0,15.0,16.0,7.0,8.0,8.0,8.0,5.0,0
31.0,25.0,3.0,2.0,5.0,3.0,4.0,8.0,4.0,1.0,1
92.0,103.0,21.0,10.0,13.0,4.0,5.0,4.0,4.0,4.0,1
26.0,28.0,7.0,6.0,11.0,4.0,6.0,7.0,6.0,2.0,1
31.0,25.0,3.0,2.0,5.0,3.0,4.0,8.0,4.0,1.0,1
4.0,3.0,1.0,1.0,1.0,0.0,0.0,1.0,4.0,1.0,0
4.0,3.0,1.0,1.0,1.0,0.0,0.0,1.0,4.0,1.0,0
37.0,15.0,6.0,5.0,4.0,1.0,2.0,1.0,1.0,0.0,1
24.0,17.0,6.0,0.0,3.0,0.0,0.0,0.0,2.0,2.0,1
50.0,32.0,22.0,17.0,5.0,1.0,3.0,2.0,11.0,0.0,1
19.0,20.0,4.0,3.0,6.0,3.0,5.0,4.0,0.0,5.0,1
8.0,7.0,1.0,1.0,0.0,0.0,0.0,0.0,3.0,0.0,0
20.0,15.0,11.0,9.0,0.0,0.0,0.0,3.0,4.0,0.0,0
19.0,20.0,4.0,3.0,6.0,3.0,5.0,4.0,0.0,5.0,1
8.0,7.0,1.0,1.0,0.0,0.0,0.0,0.0,3.0,0.0,0
20.0,15.0,11.0,9.0,0.0,0.0,0.0,3.0,4.0,0.0,0
29.0,22.0,4.0,0.0,8.0,2.0,1.0,4.0,2.0,1.0,1
81.0,58.0,17.0,13.0,18.0,5.0,4.0,11.0,9.0,0.0,1
36.0,30.0,10.0,8.0,21.0,6.0,12.0,8.0,2.0,5.0,1
10.0,9.0,6.0,6.0,2.0,2.0,2.0,1.0,3.0,1.0,0
36.0,19.0,5.0,1.0,4.0,1.0,1.0,1.0,0.0,1.0,1
75.0,74.0,35.0,26.0,15.0,2.0,4.0,4.0,6.0,1.0,1
69.0,41.0,19.0,15.0,16.0,10.0,12.0,12.0,10.0,2.0,0
78.0,70.0,21.0,19.0,15.0,7.0,3.0,6.0,3.0,3.0,1
28.0,24.0,10.0,4.0,18.0,11.0,13.0,17.0,9.0,9.0,1
43.0,46.0,13.0,2.0,19.0,6.0,9.0,9.0,4.0,10.0,1
51.0,40.0,21.0,7.0,12.0,1.0,7.0,9.0,2.0,1.0,0
93.0,71.0,33.0,23.0,32.0,10.0,17.0,19.0,11.0,10.0,1
22.0,13.0,4.0,2.0,7.0,5.0,2.0,1.0,3.0,1.0,0
21.0,17.0,2.0,3.0,0.0,0.0,3.0,1.0,0.0,5.0,1
27.0,21.0,9.0,8.0,7.0,1.0,7.0,5.0,7.0,2.0,1
27.0,21.0,9.0,8.0,7.0,1.0,7.0,5.0,7.0,2.0,1
37.0,22.0,7.0,8.0,6.0,4.0,5.0,5.0,5.0,1.0,0
51.0,133.0,20.0,23.0,19.0,11.0,8.0,15.0,14.0,6.0,0
27.0,20.0,9.0,2.0,11.0,2.0,4.0,4.0,2.0,1.0,0
50.0,38.0,19.0,9.0,23.0,11.0,15.0,17.0,14.0,4.0,0
34.0,18.0,2.0,4.0,14.0,6.0,1.0,1.0,2.0,2.0,1
103.0,67.0,40.0,30.0,32.0,10.0,22.0,22.0,18.0,7.0,0
25.0,19.0,3.0,2.0,0.0,0.0,0.0,1.0,0.0,0.0,1
27.0,24.0,9.0,8.0,3.0,0.0,0.0,1.0,0.0,0.0,1
25.0,25.0,7.0,5.0,5.0,1.0,2.0,5.0,2.0,0.0,0
35.0,22.0,6.0,6.0,9.0,3.0,2.0,4.0,3.0,3.0,1
115.0,78.0,38.0,34.0,41.0,15.0,29.0,43.0,22.0,11.0,0
32.0,15.0,7.0,4.0,5.0,1.0,6.0,4.0,6.0,1.0,0
54.0,45.0,18.0,16.0,13.0,5.0,9.0,10.0,7.0,0.0,0
51.0,38.0,27.0,21.0,10.0,3.0,6.0,10.0,7.0,1.0,0
30.0,20.0,9.0,5.0,8.0,3.0,5.0,6.0,2.0,1.0,0
80.0,81.0,22.0,16.0,21.0,2.0,10.0,9.0,3.0,1.0,1
80.0,81.0,22.0,16.0,21.0,2.0,10.0,9.0,3.0,1.0,1
22.0,19.0,8.0,2.0,7.0,0.0,3.0,2.0,2.0,1.0,0
24.0,23.0,8.0,3.0,7.0,2.0,1.0,4.0,1.0,1.0,1
16.0,9.0,7.0,5.0,1.0,0.0,0.0,0.0,5.0,0.0,1
28.0,28.0,8.0,2.0,7.0,3.0,3.0,4.0,2.0,1.0,1
102.0,69.0,17.0,57.0,7.0,4.0,1.0,2.0,3.0,1.0,1
32.0,28.0,7.0,3.0,0.0,0.0,1.0,1.0,0.0,1.0,0
32.0,28.0,7.0,3.0,0.0,0.0,1.0,1.0,0.0,1.0,0
17.0,13.0,7.0,1.0,7.0,1.0,3.0,1.0,0.0,0.0,0
24.0,16.0,7.0,8.0,15.0,5.0,4.0,5.0,6.0,1.0,0
58.0,50.0,19.0,21.0,17.0,6.0,15.0,6.0,2.0,1.0,1
68.0,50.0,19.0,9.0,14.0,6.0,12.0,13.0,4.0,5.0,0
28.0,21.0,8.0,5.0,6.0,3.0,4.0,5.0,1.0,3.0,0
17.0,12.0,6.0,1.0,3.0,0.0,1.0,1.0,0.0,0.0,0
21.0,7.0,3.0,3.0,3.0,1.0,1.0,0.0,3.0,0.0,0
32.0,24.0,9.0,4.0,18.0,11.0,16.0,12.0,2.0,0.0,0
29.0,17.0,18.0,11.0,12.0,9.0,4.0,4.0,3.0,0.0,0
130.0,104.0,37.0,36.0,25.0,8.0,12.0,24.0,7.0,5.0,1
10.0,11.0,4.0,4.0,5.0,0.0,1.0,1.0,1.0,0.0,0
21.0,19.0,6.0,5.0,2.0,0.0,1.0,2.0,2.0,0.0,1
9.0,2.0,2.0,1.0,2.0,1.0,0.0,1.0,0.0,0.0,0
9.0,2.0,2.0,1.0,2.0,1.0,0.0,1.0,0.0,0.0,0
29.0,22.0,6.0,12.0,6.0,1.0,4.0,4.0,8.0,0.0,0
117.0,85.0,40.0,34.0,50.0,23.0,35.0,31.0,22.0,12.0,0
59.0,38.0,12.0,16.0,20.0,3.0,13.0,14.0,4.0,1.0,0
21.0,19.0,5.0,11.0,3.0,1.0,2.0,1.0,4.0,0.0,0
21.0,19.0,5.0,11.0,3.0,1.0,2.0,1.0,4.0,0.0,0
36.0,18.0,11.0,8.0,15.0,8.0,7.0,11.0,4.0,3.0,0
22.0,16.0,2.0,0.0,7.0,1.0,1.0,2.0,0.0,0.0,1
39.0,39.0,10.0,7.0,15.0,3.0,6.0,7.0,0.0,0.0,1
77.0,69.0,29.0,16.0,28.0,8.0,21.0,25.0,1.0,2.0,0
18.0,12.0,3.0,4.0,10.0,8.0,2.0,2.0,1.0,0.0,0
33.0,22.0,10.0,6.0,7.0,2.0,4.0,6.0,2.0,1.0,0
93.0,109.0,20.0,11.0,10.0,3.0,5.0,6.0,10.0,4.0,1
93.0,109.0,20.0,11.0,10.0,3.0,5.0,6.0,10.0,4.0,1
92.0,73.0,27.0,26.0,26.0,10.0,21.0,22.0,6.0,5.0,1
26.0,20.0,8.0,5.0,7.0,2.0,0.0,1.0,3.0,2.0,0
30.0,17.0,12.0,3.0,18.0,10.0,7.0,12.0,2.0,5.0,0
31.0,18.0,7.0,6.0,3.0,1.0,1.0,1.0,3.0,1.0,0
35.0,23.0,9.0,7.0,17.0,7.0,6.0,7.0,2.0,1.0,0
285.0,154.0,90.0,73.0,85.0,37.0,24.0,50.0,22.0,17.0,1
72.0,36.0,19.0,12.0,29.0,12.0,11.0,13.0,6.0,8.0,0
16.0,17.0,4.0,0.0,4.0,2.0,1.0,2.0,1.0,1.0,0
104.0,88.0,39.0,28.0,36.0,17.0,18.0,21.0,10.0,5.0,0
230.0,118.0,56.0,37.0,84.0,26.0,43.0,62.0,21.0,21.0,1
339.0,223.0,110.0,81.0,155.0,55.0,75.0,104.0,63.0,33.0,1
49.0,45.0,14.0,7.0,8.0,3.0,3.0,5.0,2.0,0.0,0
230.0,118.0,56.0,37.0,84.0,26.0,43.0,62.0,21.0,21.0,1
12.0,4.0,4.0,4.0,1.0,1.0,2.0,1.0,2.0,0.0,0
14.0,5.0,3.0,5.0,5.0,1.0,3.0,3.0,1.0,0.0,0
16.0,6.0,4.0,4.0,1.0,1.0,1.0,2.0,2.0,1.0,0
28.0,18.0,10.0,8.0,7.0,4.0,2.0,4.0,0.0,2.0,0
23.0,16.0,3.0,4.0,5.0,0.0,3.0,0.0,3.0,0.0,1
20.0,13.0,5.0,4.0,6.0,3.0,3.0,4.0,4.0,1.0,0
55.0,45.0,8.0,7.0,12.0,3.0,8.0,13.0,3.0,0.0,0
13.0,3.0,3.0,3.0,3.0,2.0,1.0,3.0,1.0,0.0,0
69.0,42.0,27.0,18.0,29.0,14.0,23.0,23.0,17.0,5.0,0
38.0,25.0,10.0,10.0,3.0,2.0,4.0,5.0,3.0,1.0,0
29.0,28.0,28.0,10.0,1.0,1.0,3.0,4.0,1.0,1.0,0
69.0,42.0,27.0,18.0,29.0,14.0,23.0,23.0,17.0,5.0,0
75.0,72.0,49.0,29.0,13.0,10.0,11.0,17.0,6.0,5.0,0
26.0,16.0,8.0,5.0,4.0,3.0,3.0,5.0,5.0,0.0,0
31.0,27.0,2.0,4.0,9.0,2.0,3.0,3.0,2.0,3.0,1
33.0,22.0,9.0,7.0,7.0,1.0,3.0,3.0,1.0,0.0,0
24.0,25.0,8.0,10.0,6.0,5.0,3.0,5.0,3.0,2.0,0
24.0,5.0,3.0,2.0,5.0,1.0,1.0,1.0,0.0,2.0,1
636.0,520.0,217.0,349.0,313.0,173.0,185.0,221.0,230.0,128.0,0
39.0,25.0,7.0,4.0,2.0,0.0,4.0,4.0,0.0,2.0,0
40.0,33.0,16.0,6.0,11.0,5.0,2.0,5.0,3.0,0.0,1
43.0,26.0,12.0,12.0,6.0,0.0,1.0,1.0,1.0,0.0,0
24.0,18.0,6.0,5.0,3.0,0.0,0.0,0.0,2.0,0.0,1
116.0,79.0,34.0,35.0,55.0,26.0,25.0,46.0,24.0,7.0,1
36.0,39.0,10.0,7.0,15.0,4.0,4.0,2.0,3.0,1.0,1
42.0,26.0,15.0,5.0,3.0,0.0,2.0,6.0,0.0,0.0,0
38.0,30.0,8.0,5.0,8.0,4.0,8.0,10.0,2.0,3.0,0
56.0,39.0,27.0,15.0,11.0,4.0,11.0,12.0,9.0,8.0,0
296.0,213.0,135.0,106.0,83.0,39.0,26.0,32.0,23.0,6.0,1
21.0,14.0,3.0,3.0,1.0,0.0,0.0,2.0,4.0,0.0,1
25.0,17.0,12.0,9.0,4.0,2.0,2.0,1.0,3.0,0.0,0
44.0,39.0,26.0,19.0,18.0,6.0,14.0,14.0,5.0,5.0,0
17.0,11.0,3.0,4.0,4.0,1.0,4.0,2.0,1.0,3.0,1
169.0,131.0,50.0,46.0,89.0,28.0,44.0,57.0,32.0,19.0,1
19.0,11.0,9.0,4.0,5.0,0.0,2.0,1.0,0.0,0.0,1
18.0,14.0,5.0,5.0,6.0,1.0,4.0,4.0,5.0,1.0,1
45.0,28.0,23.0,11.0,6.0,5.0,2.0,4.0,2.0,2.0,0
33.0,36.0,14.0,8.0,6.0,2.0,2.0,3.0,2.0,0.0,1
57.0,37.0,22.0,17.0,26.0,12.0,15.0,20.0,8.0,7.0,1
22.0,11.0,6.0,5.0,2.0,1.0,2.0,2.0,5.0,0.0,1
40.0,42.0,7.0,5.0,4.0,0.0,2.0,1.0,3.0,0.0,1
28.0,28.0,10.0,8.0,18.0,4.0,14.0,12.0,5.0,6.0,1
43.0,26.0,24.0,7.0,17.0,6.0,13.0,9.0,6.0,4.0,1
30.0,28.0,10.0,7.0,12.0,10.0,6.0,6.0,5.0,1.0,0
30.0,20.0,9.0,5.0,4.0,0.0,4.0,7.0,0.0,1.0,0
30.0,19.0,7.0,6.0,2.0,0.0,1.0,0.0,1.0,0.0,0
22.0,16.0,4.0,7.0,2.0,1.0,0.0,3.0,4.0,1.0,0
26.0,12.0,11.0,8.0,3.0,2.0,2.0,2.0,4.0,1.0,0
39.0,27.0,6.0,4.0,6.0,1.0,4.0,6.0,1.0,2.0,0
23.0,6.0,12.0,9.0,1.0,1.0,1.0,1.0,8.0,0.0,0
57.0,52.0,32.0,24.0,17.0,3.0,3.0,6.0,3.0,1.0,0
15.0,10.0,3.0,3.0,8.0,4.0,5.0,6.0,2.0,1.0,0
67.0,52.0,19.0,12.0,13.0,3.0,14.0,15.0,2.0,5.0,0
19.0,17.0,7.0,4.0,4.0,2.0,2.0,3.0,0.0,1.0,0
21.0,20.0,7.0,5.0,3.0,0.0,1.0,0.0,1.0,1.0,0
65.0,53.0,17.0,9.0,8.0,3.0,6.0,7.0,4.0,2.0,0
28.0,15.0,10.0,5.0,6.0,1.0,3.0,3.0,2.0,2.0,0
25.0,19.0,8.0,8.0,4.0,3.0,1.0,1.0,2.0,2.0,0
28.0,22.0,8.0,6.0,3.0,0.0,4.0,5.0,2.0,2.0,0
184.0,159.0,54.0,48.0,111.0,51.0,71.0,68.0,15.0,26.0,0
11.0,7.0,1.0,3.0,2.0,0.0,2.0,1.0,1.0,0.0,0
15.0,9.0,7.0,4.0,15.0,7.0,12.0,7.0,7.0,3.0,0
13.0,13.0,5.0,6.0,8.0,2.0,5.0,4.0,7.0,4.0,0
33.0,23.0,5.0,2.0,7.0,4.0,5.0,8.0,6.0,4.0,0
16.0,20.0,5.0,4.0,3.0,3.0,5.0,4.0,5.0,2.0,0
9.0,5.0,1.0,1.0,3.0,2.0,0.0,0.0,2.0,0.0,0
16.0,18.0,7.0,1.0,22.0,16.0,14.0,16.0,11.0,9.0,0
17.0,10.0,8.0,1.0,5.0,3.0,8.0,8.0,3.0,1.0,0
26.0,27.0,4.0,7.0,7.0,1.0,5.0,4.0,9.0,1.0,0
18.0,8.0,12.0,3.0,5.0,1.0,8.0,6.0,3.0,0.0,0
43.0,44.0,17.0,4.0,27.0,17.0,21.0,17.0,12.0,11.0,0
269.0,244.0,143.0,80.0,230.0,113.0,130.0,93.0,76.0,53.0,0
42.0,34.0,15.0,6.0,35.0,28.0,20.0,19.0,7.0,12.0,0
25.0,25.0,9.0,4.0,7.0,4.0,10.0,6.0,5.0,2.0,0
17.0,17.0,8.0,4.0,8.0,7.0,6.0,4.0,8.0,3.0,0
34.0,30.0,9.0,7.0,15.0,4.0,13.0,10.0,6.0,2.0,0
6.0,5.0,1.0,0.0,2.0,0.0,2.0,1.0,1.0,0.0,0
8.0,11.0,0.0,0.0,1.0,0.0,3.0,3.0,4.0,1.0,0
17.0,11.0,12.0,4.0,6.0,2.0,5.0,5.0,5.0,1.0,0
11.0,13.0,5.0,3.0,6.0,5.0,7.0,3.0,5.0,5.0,0
14.0,16.0,4.0,3.0,3.0,2.0,2.0,3.0,3.0,2.0,0
6.0,5.0,3.0,2.0,4.0,4.0,4.0,2.0,3.0,2.0,0
7.0,7.0,3.0,2.0,3.0,2.0,3.0,2.0,2.0,2.0,0
22.0,24.0,6.0,3.0,24.0,19.0,8.0,8.0,4.0,5.0,0
13.0,15.0,7.0,2.0,8.0,5.0,4.0,3.0,5.0,1.0,0
21.0,20.0,8.0,3.0,12.0,6.0,12.0,6.0,9.0,2.0,0
14.0,17.0,7.0,2.0,18.0,8.0,10.0,9.0,9.0,5.0,0
25.0,31.0,9.0,3.0,24.0,13.0,17.0,15.0,13.0,8.0,0
24.0,20.0,16.0,6.0,13.0,10.0,11.0,9.0,8.0,5.0,0
27.0,21.0,13.0,9.0,15.0,12.0,10.0,7.0,9.0,4.0,0
25.0,31.0,9.0,3.0,24.0,13.0,17.0,15.0,13.0,8.0,0
10.0,12.0,4.0,2.0,1.0,1.0,1.0,2.0,3.0,0.0,0
17.0,17.0,8.0,3.0,10.0,6.0,8.0,4.0,8.0,3.0,0
23.0,19.0,8.0,8.0,7.0,7.0,6.0,3.0,8.0,4.0,0
139.0,103.0,71.0,60.0,37.0,27.0,22.0,25.0,20.0,7.0,1
88.0,68.0,24.0,31.0,27.0,17.0,11.0,15.0,11.0,3.0,0
7.0,18.0,5.0,2.0,8.0,5.0,1.0,3.0,3.0,3.0,0
26.0,18.0,12.0,9.0,11.0,8.0,10.0,11.0,5.0,6.0,0
66.0,44.0,29.0,22.0,30.0,25.0,15.0,18.0,12.0,7.0,1
16.0,12.0,10.0,7.0,6.0,2.0,4.0,4.0,6.0,2.0,0
7.0,9.0,2.0,2.0,5.0,2.0,5.0,3.0,2.0,1.0,0
110.0,76.0,64.0,28.0,87.0,50.0,44.0,49.0,23.0,30.0,0
26.0,27.0,11.0,7.0,5.0,4.0,4.0,5.0,8.0,0.0,0
4.0,4.0,0.0,0.0,3.0,3.0,2.0,2.0,1.0,1.0,0
12.0,5.0,5.0,3.0,7.0,2.0,2.0,1.0,4.0,1.0,0
84.0,61.0,50.0,32.0,60.0,35.0,32.0,17.0,63.0,8.0,0
20.0,19.0,12.0,6.0,7.0,6.0,3.0,6.0,3.0,3.0,1
22.0,26.0,10.0,4.0,8.0,2.0,9.0,9.0,8.0,2.0,0
3.0,1.0,2.0,0.0,3.0,0.0,2.0,3.0,1.0,2.0,0
29.0,20.0,12.0,5.0,9.0,3.0,4.0,4.0,10.0,0.0,1
7.0,7.0,2.0,0.0,2.0,0.0,2.0,2.0,3.0,1.0,0
29.0,20.0,12.0,5.0,9.0,3.0,4.0,4.0,10.0,0.0,1
7.0,7.0,2.0,0.0,2.0,0.0,2.0,2.0,3.0,1.0,0
40.0,43.0,23.0,6.0,20.0,12.0,14.0,15.0,14.0,7.0,0
1.0,2.0,5.0,0.0,0.0,1.0,0.0,1.0,12.0,0.0,1
69.0,43.0,38.0,23.0,37.0,15.0,20.0,32.0,14.0,10.0,1
1.0,1.0,2.0,1.0,1.0,1.0,0.0,1.0,0.0,0.0,0
27.0,29.0,9.0,6.0,6.0,4.0,2.0,2.0,2.0,0.0,1
21.0,16.0,9.0,7.0,5.0,4.0,5.0,1.0,5.0,0.0,1
50.0,45.0,17.0,10.0,23.0,11.0,5.0,11.0,14.0,2.0,0
49.0,41.0,16.0,12.0,24.0,12.0,5.0,13.0,12.0,2.0,0
46.0,39.0,14.0,11.0,22.0,11.0,5.0,12.0,12.0,2.0,0
132.0,101.0,56.0,42.0,69.0,38.0,29.0,36.0,45.0,10.0,1
29.0,16.0,6.0,12.0,14.0,10.0,1.0,3.0,6.0,1.0,0
16.0,12.0,7.0,5.0,19.0,8.0,11.0,4.0,8.0,4.0,0
8.0,2.0,3.0,4.0,0.0,0.0,0.0,2.0,4.0,0.0,0
37.0,25.0,13.0,3.0,19.0,18.0,1.0,3.0,17.0,2.0,0
13.0,9.0,6.0,5.0,9.0,6.0,4.0,2.0,8.0,1.0,1
256.0,163.0,88.0,58.0,125.0,34.0,29.0,40.0,28.0,9.0,1
40.0,23.0,16.0,10.0,31.0,17.0,16.0,22.0,15.0,7.0,1
1.0,1.0,0.0,1.0,1.0,0.0,0.0,0.0,0.0,0.0,0
59.0,28.0,22.0,8.0,40.0,18.0,31.0,24.0,7.0,8.0,1
50.0,45.0,17.0,10.0,23.0,11.0,5.0,11.0,14.0,2.0,0
49.0,41.0,16.0,12.0,24.0,12.0,5.0,13.0,12.0,2.0,0
46.0,39.0,14.0,11.0,22.0,11.0,5.0,12.0,12.0,2.0,0
132.0,101.0,56.0,42.0,69.0,38.0,29.0,36.0,45.0,10.0,1
29.0,16.0,6.0,12.0,14.0,10.0,1.0,3.0,6.0,1.0,0
16.0,12.0,7.0,5.0,19.0,8.0,11.0,4.0,8.0,4.0,0
8.0,2.0,3.0,4.0,0.0,0.0,0.0,2.0,4.0,0.0,0
37.0,25.0,13.0,3.0,19.0,18.0,1.0,3.0,17.0,2.0,0
13.0,9.0,6.0,5.0,9.0,6.0,4.0,2.0,8.0,1.0,1
75.0,43.0,28.0,19.0,43.0,20.0,23.0,22.0,17.0,13.0,1
39.0,31.0,16.0,6.0,18.0,6.0,4.0,8.0,10.0,2.0,0
59.0,28.0,22.0,8.0,40.0,18.0,31.0,24.0,7.0,8.0,1
61.0,24.0,26.0,20.0,15.0,8.0,7.0,6.0,13.0,0.0,1
1.0,1.0,1.0,0.0,0.0,0.0,0.0,0.0,0.0,0.0,0
11.0,6.0,4.0,2.0,8.0,4.0,4.0,4.0,5.0,3.0,0
8.0,5.0,6.0,3.0,4.0,2.0,4.0,1.0,11.0,0.0,0
127.0,123.0,47.0,31.0,86.0,55.0,40.0,41.0,32.0,20.0,0
13.0,11.0,6.0,3.0,8.0,7.0,2.0,4.0,6.0,0.0,1
8.0,6.0,4.0,4.0,1.0,0.0,0.0,2.0,2.0,0.0,0
51.0,42.0,17.0,10.0,16.0,9.0,13.0,17.0,19.0,5.0,0
33.0,30.0,10.0,6.0,11.0,4.0,4.0,4.0,15.0,2.0,0
13.0,5.0,7.0,2.0,3.0,3.0,0.0,4.0,3.0,0.0,0
46.0,38.0,13.0,9.0,21.0,10.0,6.0,11.0,13.0,2.0,0
8.0,8.0,2.0,0.0,5.0,1.0,2.0,1.0,2.0,0.0,1
78.0,59.0,49.0,33.0,56.0,40.0,27.0,21.0,25.0,7.0,1
138.0,83.0,54.0,39.0,64.0,42.0,40.0,44.0,31.0,8.0,1
35.0,29.0,14.0,10.0,16.0,8.0,6.0,6.0,4.0,6.0,1
18.0,15.0,6.0,10.0,11.0,5.0,1.0,4.0,4.0,0.0,0
78.0,34.0,22.0,17.0,32.0,12.0,13.0,16.0,14.0,4.0,1
45.0,38.0,13.0,9.0,21.0,10.0,6.0,11.0,13.0,2.0,0
39.0,31.0,16.0,6.0,18.0,6.0,4.0,8.0,10.0,2.0,0
118.0,88.0,55.0,44.0,66.0,37.0,34.0,36.0,40.0,11.0,1
111.0,65.0,46.0,28.0,40.0,23.0,26.0,26.0,34.0,16.0,1
53.0,46.0,15.0,10.0,24.0,11.0,5.0,12.0,15.0,1.0,0
49.0,41.0,16.0,12.0,24.0,12.0,5.0,13.0,12.0,2.0,0
5.0,5.0,4.0,1.0,6.0,5.0,1.0,3.0,6.0,0.0,1
61.0,24.0,26.0,20.0,15.0,8.0,7.0,6.0,13.0,0.0,1
0.0,1.0,0.0,0.0,1.0,1.0,1.0,1.0,0.0,0.0,0
51.0,45.0,17.0,10.0,23.0,11.0,5.0,11.0,14.0,2.0,0
41.0,49.0,20.0,10.0,13.0,11.0,5.0,9.0,23.0,2.0,0
17.0,15.0,7.0,6.0,11.0,8.0,9.0,11.0,6.0,10.0,0
0.0,1.0,0.0,0.0,1.0,1.0,1.0,1.0,0.0,0.0,0
51.0,45.0,17.0,10.0,23.0,11.0,5.0,11.0,14.0,2.0,0
120.0,99.0,56.0,42.0,59.0,33.0,28.0,30.0,35.0,11.0,1
110.0,93.0,48.0,36.0,57.0,33.0,25.0,28.0,34.0,9.0,1
20.0,13.0,7.0,5.0,10.0,7.0,5.0,8.0,9.0,3.0,0
53.0,26.0,12.0,13.0,8.0,1.0,1.0,3.0,6.0,1.0,1
125.0,103.0,53.0,54.0,28.0,20.0,22.0,22.0,20.0,6.0,1
12.0,8.0,4.0,4.0,4.0,3.0,2.0,3.0,3.0,1.0,1
142.0,153.0,46.0,28.0,102.0,50.0,48.0,55.0,41.0,27.0,0
56.0,38.0,16.0,12.0,44.0,24.0,25.0,38.0,7.0,4.0,1
41.0,49.0,20.0,10.0,13.0,11.0,5.0,9.0,23.0,2.0,0
17.0,15.0,7.0,6.0,11.0,8.0,9.0,11.0,6.0,10.0,0
71.0,48.0,24.0,21.0,45.0,26.0,13.0,19.0,11.0,8.0,1
99.0,75.0,31.0,31.0,54.0,29.0,32.0,35.0,18.0,22.0,1
53.0,40.0,25.0,24.0,41.0,25.0,27.0,30.0,18.0,14.0,0
187.0,166.0,60.0,45.0,134.0,75.0,71.0,67.0,52.0,34.0,0
70.0,49.0,23.0,21.0,49.0,31.0,14.0,23.0,13.0,9.0,1
5.0,5.0,2.0,0.0,6.0,4.0,2.0,3.0,1.0,1.0,0
204.0,141.0,85.0,74.0,99.0,81.0,42.0,34.0,55.0,13.0,1
16.0,12.0,1.0,0.0,10.0,6.0,2.0,10.0,3.0,1.0,1
136.0,103.0,61.0,53.0,77.0,44.0,47.0,45.0,51.0,11.0,1
85.0,66.0,37.0,39.0,38.0,16.0,28.0,32.0,18.0,10.0,1
76.0,61.0,24.0,18.0,59.0,30.0,42.0,46.0,8.0,10.0,1
7.0,7.0,2.0,2.0,5.0,3.0,3.0,3.0,5.0,2.0,1
12.0,9.0,8.0,7.0,2.0,1.0,1.0,6.0,6.0,2.0,1
52.0,39.0,11.0,5.0,10.0,2.0,2.0,3.0,1.0,1.0,1
1.0,1.0,3.0,0.0,2.0,1.0,0.0,1.0,1.0,0.0,0
24.0,21.0,9.0,8.0,15.0,10.0,9.0,12.0,11.0,6.0,1
136.0,103.0,61.0,53.0,77.0,44.0,47.0,45.0,51.0,11.0,1
85.0,66.0,37.0,39.0,38.0,16.0,28.0,32.0,18.0,10.0,1
76.0,61.0,24.0,18.0,59.0,30.0,42.0,46.0,8.0,10.0,1
7.0,7.0,2.0,2.0,5.0,3.0,3.0,3.0,5.0,2.0,1
12.0,9.0,8.0,7.0,2.0,1.0,1.0,6.0,6.0,2.0,1
52.0,39.0,11.0,5.0,10.0,2.0,2.0,3.0,1.0,1.0,1
1.0,1.0,3.0,0.0,2.0,1.0,0.0,1.0,1.0,0.0,0
24.0,21.0,9.0,8.0,15.0,10.0,9.0,12.0,11.0,6.0,1
11.0,6.0,2.0,4.0,8.0,2.0,6.0,9.0,5.0,3.0,1
31.0,23.0,12.0,8.0,29.0,12.0,2.0,3.0,5.0,1.0,1
20.0,18.0,13.0,6.0,20.0,8.0,6.0,10.0,5.0,0.0,1
20.0,11.0,4.0,4.0,11.0,10.0,6.0,7.0,7.0,3.0,0
14.0,10.0,4.0,2.0,8.0,3.0,4.0,2.0,4.0,2.0,1
143.0,108.0,57.0,54.0,72.0,50.0,36.0,39.0,49.0,10.0,1
3.0,4.0,3.0,3.0,11.0,9.0,5.0,5.0,1.0,1.0,0
7.0,7.0,2.0,4.0,12.0,7.0,6.0,7.0,5.0,8.0,0
11.0,8.0,4.0,2.0,3.0,2.0,2.0,3.0,5.0,0.0,0
11.0,6.0,2.0,4.0,8.0,2.0,6.0,9.0,5.0,3.0,1
31.0,23.0,12.0,8.0,29.0,12.0,2.0,3.0,5.0,1.0,1
12.0,11.0,5.0,3.0,1.0,0.0,3.0,1.0,7.0,0.0,0
86.0,61.0,34.0,25.0,51.0,26.0,31.0,32.0,17.0,10.0,1
9.0,8.0,3.0,1.0,8.0,5.0,3.0,3.0,3.0,2.0,1
0.0,0.0,0.0,0.0,0.0,0.0,0.0,0.0,0.0,0.0,0
47.0,30.0,27.0,13.0,85.0,53.0,60.0,61.0,11.0,8.0,1
233.0,180.0,96.0,88.0,91.0,48.0,49.0,64.0,18.0,15.0,1
22.0,18.0,7.0,2.0,8.0,3.0,5.0,3.0,4.0,2.0,0
23.0,19.0,4.0,5.0,20.0,5.0,9.0,13.0,8.0,2.0,0
45.0,19.0,26.0,11.0,26.0,18.0,11.0,19.0,5.0,1.0,1
45.0,38.0,13.0,9.0,21.0,10.0,6.0,11.0,13.0,2.0,0
56.0,36.0,18.0,12.0,30.0,13.0,9.0,11.0,16.0,9.0,1
95.0,65.0,48.0,35.0,44.0,27.0,26.0,33.0,21.0,9.0,1
133.0,103.0,40.0,28.0,69.0,48.0,20.0,27.0,18.0,17.0,0
63.0,43.0,35.0,15.0,46.0,25.0,18.0,27.0,23.0,9.0,1
125.0,91.0,53.0,50.0,65.0,44.0,31.0,36.0,44.0,8.0,1
64.0,50.0,20.0,18.0,19.0,5.0,7.0,16.0,7.0,4.0,1
32.0,25.0,18.0,14.0,11.0,2.0,2.0,1.0,5.0,0.0,1
38.0,29.0,7.0,6.0,7.0,4.0,4.0,6.0,9.0,2.0,0
3.0,1.0,5.0,0.0,7.0,3.0,2.0,4.0,1.0,3.0,0
64.0,35.0,39.0,29.0,13.0,8.0,15.0,7.0,25.0,0.0,1
38.0,33.0,11.0,8.0,10.0,1.0,4.0,4.0,3.0,0.0,1
47.0,36.0,16.0,9.0,15.0,6.0,3.0,10.0,11.0,1.0,0
33.0,17.0,17.0,7.0,4.0,3.0,2.0,1.0,9.0,1.0,0
3.0,2.0,5.0,0.0,1.0,0.0,1.0,3.0,3.0,0.0,0
50.0,43.0,15.0,12.0,18.0,9.0,4.0,11.0,13.0,2.0,0
38.0,29.0,7.0,6.0,7.0,4.0,4.0,6.0,9.0,2.0,0
3.0,1.0,5.0,0.0,7.0,3.0,2.0,4.0,1.0,3.0,0
64.0,35.0,39.0,29.0,13.0,8.0,15.0,7.0,25.0,0.0,1
38.0,33.0,11.0,8.0,10.0,1.0,4.0,4.0,3.0,0.0,1
81.0,64.0,43.0,19.0,67.0,43.0,27.0,39.0,22.0,11.0,1
17.0,18.0,13.0,9.0,8.0,7.0,5.0,6.0,10.0,2.0,1
38.0,33.0,11.0,8.0,10.0,1.0,4.0,4.0,3.0,0.0,1
81.0,64.0,43.0,19.0,67.0,43.0,27.0,39.0,22.0,11.0,1
17.0,18.0,13.0,9.0,8.0,7.0,5.0,6.0,10.0,2.0,1
26.0,18.0,7.0,6.0,3.0,4.0,3.0,6.0,2.0,2.0,1
26.0,18.0,7.0,6.0,3.0,4.0,3.0,6.0,2.0,2.0,1
113.0,100.0,58.0,51.0,49.0,22.0,36.0,26.0,16.0,12.0,1
23.0,13.0,14.0,11.0,6.0,4.0,1.0,4.0,7.0,1.0,1
2.0,9.0,1.0,0.0,4.0,3.0,3.0,5.0,3.0,0.0,0
12.0,7.0,2.0,2.0,9.0,7.0,3.0,7.0,2.0,5.0,0
21.0,17.0,6.0,4.0,22.0,15.0,12.0,15.0,5.0,5.0,1
36.0,23.0,10.0,9.0,7.0,1.0,1.0,2.0,2.0,0.0,1
28.0,17.0,8.0,11.0,10.0,4.0,4.0,8.0,6.0,1.0,1
2.0,9.0,1.0,0.0,4.0,3.0,3.0,5.0,3.0,0.0,0
12.0,7.0,2.0,2.0,9.0,7.0,3.0,7.0,2.0,5.0,0
21.0,17.0,6.0,4.0,22.0,15.0,12.0,15.0,5.0,5.0,1
3.0,2.0,0.0,0.0,2.0,0.0,1.0,1.0,2.0,0.0,0
10.0,13.0,2.0,3.0,4.0,4.0,2.0,1.0,5.0,1.0,0
18.0,10.0,5.0,2.0,14.0,4.0,4.0,7.0,8.0,1.0,0
13.0,13.0,7.0,3.0,11.0,2.0,7.0,5.0,3.0,4.0,1
123.0,89.0,61.0,49.0,54.0,35.0,29.0,31.0,34.0,6.0,1
18.0,10.0,5.0,2.0,14.0,4.0,4.0,7.0,8.0,1.0,0
29.0,26.0,16.0,5.0,28.0,14.0,13.0,20.0,5.0,6.0,0
143.0,120.0,67.0,47.0,94.0,61.0,47.0,54.0,18.0,21.0,1
36.0,29.0,23.0,8.0,27.0,17.0,11.0,21.0,10.0,5.0,1
46.0,39.0,14.0,11.0,22.0,11.0,5.0,12.0,12.0,2.0,0
43.0,36.0,13.0,10.0,18.0,9.0,4.0,10.0,11.0,2.0,0
8.0,6.0,2.0,2.0,10.0,6.0,1.0,4.0,5.0,2.0,1
49.0,41.0,16.0,12.0,24.0,12.0,5.0,13.0,12.0,2.0,0
9.0,8.0,2.0,2.0,7.0,5.0,2.0,5.0,6.0,1.0,0
14.0,10.0,8.0,7.0,13.0,9.0,9.0,8.0,7.0,1.0,1
12.0,7.0,2.0,2.0,9.0,7.0,3.0,7.0,2.0,5.0,0
11.0,10.0,6.0,1.0,1.0,0.0,5.0,4.0,2.0,0.0,0
75.0,69.0,37.0,11.0,8.0,1.0,16.0,18.0,37.0,2.0,0
14.0,10.0,5.0,2.0,10.0,4.0,5.0,5.0,5.0,1.0,1
5.0,1.0,1.0,0.0,7.0,3.0,2.0,6.0,2.0,4.0,0
17.0,14.0,3.0,3.0,3.0,2.0,2.0,1.0,1.0,0.0,1
65.0,61.0,35.0,21.0,45.0,19.0,34.0,40.0,13.0,9.0,1
47.0,26.0,18.0,14.0,25.0,13.0,11.0,13.0,14.0,7.0,1
53.0,29.0,23.0,21.0,38.0,9.0,22.0,14.0,20.0,7.0,1
25.0,23.0,13.0,7.0,15.0,12.0,12.0,8.0,9.0,3.0,1
53.0,29.0,23.0,21.0,38.0,9.0,22.0,14.0,20.0,7.0,1
25.0,23.0,13.0,7.0,15.0,12.0,12.0,8.0,9.0,3.0,1
1.0,2.0,1.0,0.0,0.0,0.0,1.0,1.0,0.0,0.0,0
17.0,11.0,5.0,2.0,16.0,13.0,8.0,7.0,12.0,2.0,1
67.0,44.0,27.0,19.0,38.0,22.0,7.0,13.0,15.0,3.0,1
53.0,43.0,15.0,12.0,27.0,13.0,7.0,13.0,18.0,2.0,0
3.0,2.0,2.0,1.0,4.0,1.0,1.0,1.0,2.0,0.0,0
15.0,8.0,5.0,2.0,5.0,3.0,1.0,2.0,3.0,2.0,1
7.0,6.0,7.0,1.0,4.0,0.0,2.0,3.0,2.0,1.0,0
50.0,31.0,18.0,13.0,14.0,8.0,6.0,7.0,13.0,3.0,1
104.0,76.0,50.0,36.0,48.0,25.0,25.0,21.0,15.0,10.0,1
109.0,89.0,32.0,33.0,39.0,22.0,24.0,22.0,33.0,9.0,1
67.0,44.0,27.0,19.0,38.0,22.0,7.0,13.0,15.0,3.0,1
53.0,43.0,15.0,12.0,27.0,13.0,7.0,13.0,18.0,2.0,0
68.0,46.0,35.0,23.0,46.0,25.0,34.0,35.0,16.0,6.0,1
0.0,0.0,1.0,0.0,1.0,1.0,0.0,1.0,0.0,0.0,0
9.0,7.0,2.0,1.0,4.0,2.0,2.0,3.0,5.0,1.0,0
62.0,49.0,22.0,13.0,23.0,18.0,8.0,21.0,3.0,6.0,1
10.0,8.0,1.0,1.0,5.0,5.0,2.0,4.0,8.0,1.0,0
10.0,9.0,5.0,2.0,13.0,5.0,4.0,4.0,6.0,2.0,1
99.0,67.0,52.0,32.0,51.0,35.0,17.0,27.0,25.0,6.0,1
15.0,8.0,4.0,3.0,14.0,6.0,7.0,7.0,6.0,6.0,0
9.0,11.0,4.0,3.0,4.0,4.0,3.0,4.0,6.0,2.0,0
171.0,170.0,61.0,36.0,107.0,62.0,52.0,48.0,58.0,29.0,0
135.0,93.0,67.0,46.0,66.0,41.0,22.0,32.0,40.0,7.0,1
16.0,14.0,5.0,1.0,12.0,7.0,7.0,10.0,5.0,2.0,0
39.0,31.0,16.0,6.0,18.0,6.0,4.0,8.0,10.0,2.0,0
16.0,12.0,7.0,7.0,8.0,5.0,4.0,7.0,7.0,1.0,1
43.0,38.0,14.0,9.0,18.0,10.0,5.0,11.0,11.0,1.0,0
40.0,33.0,15.0,12.0,16.0,10.0,8.0,11.0,7.0,3.0,1
10.0,8.0,1.0,1.0,5.0,5.0,2.0,4.0,8.0,1.0,0
10.0,9.0,5.0,2.0,13.0,5.0,4.0,4.0,6.0,2.0,1
37.0,31.0,18.0,10.0,43.0,15.0,7.0,13.0,8.0,3.0,1
190.0,128.0,59.0,45.0,112.0,46.0,33.0,59.0,30.0,21.0,1
52.0,69.0,30.0,9.0,21.0,7.0,17.0,18.0,21.0,3.0,0
36.0,32.0,19.0,14.0,14.0,9.0,6.0,9.0,23.0,2.0,1
44.0,28.0,20.0,6.0,12.0,2.0,4.0,9.0,2.0,1.0,1
279.0,252.0,88.0,50.0,153.0,74.0,77.0,100.0,99.0,29.0,0
45.0,38.0,13.0,9.0,21.0,10.0,6.0,11.0,13.0,2.0,0
33.0,13.0,5.0,6.0,4.0,3.0,2.0,2.0,4.0,1.0,1
45.0,38.0,13.0,9.0,21.0,10.0,6.0,11.0,13.0,2.0,0
33.0,13.0,5.0,6.0,4.0,3.0,2.0,2.0,4.0,1.0,1
14.0,12.0,5.0,0.0,7.0,5.0,2.0,5.0,2.0,1.0,1
9.0,5.0,3.0,3.0,1.0,1.0,0.0,1.0,5.0,0.0,0
86.0,50.0,30.0,31.0,29.0,17.0,23.0,19.0,12.0,8.0,1
86.0,49.0,20.0,15.0,11.0,8.0,10.0,6.0,8.0,3.0,1
13.0,8.0,9.0,1.0,14.0,8.0,8.0,13.0,1.0,3.0,0
59.0,41.0,18.0,16.0,27.0,17.0,11.0,9.0,33.0,6.0,0
30.0,22.0,7.0,6.0,21.0,7.0,7.0,12.0,9.0,5.0,0
35.0,27.0,13.0,7.0,6.0,5.0,4.0,4.0,3.0,3.0,1
17.0,9.0,4.0,2.0,15.0,11.0,4.0,7.0,6.0,3.0,0
27.0,18.0,6.0,3.0,17.0,13.0,8.0,12.0,2.0,3.0,0
28.0,11.0,2.0,3.0,2.0,1.0,1.0,2.0,0.0,0.0,0
38.0,29.0,9.0,10.0,11.0,6.0,4.0,7.0,14.0,4.0,0
24.0,19.0,11.0,10.0,28.0,20.0,6.0,6.0,6.0,3.0,1
37.0,24.0,9.0,4.0,11.0,2.0,8.0,12.0,17.0,1.0,0
42.0,38.0,9.0,10.0,19.0,13.0,3.0,4.0,20.0,5.0,0
5.0,4.0,3.0,2.0,12.0,7.0,7.0,10.0,1.0,6.0,0
12.0,4.0,4.0,0.0,34.0,22.0,16.0,17.0,1.0,13.0,0
14.0,8.0,4.0,2.0,11.0,4.0,2.0,5.0,4.0,1.0,0
30.0,17.0,6.0,3.0,9.0,3.0,6.0,9.0,9.0,2.0,0
2.0,1.0,4.0,1.0,7.0,4.0,1.0,4.0,0.0,1.0,0
75.0,59.0,22.0,18.0,44.0,19.0,19.0,30.0,22.0,7.0,1
55.0,37.0,35.0,14.0,44.0,23.0,23.0,21.0,14.0,9.0,1
15.0,12.0,6.0,5.0,10.0,2.0,4.0,6.0,10.0,1.0,0
28.0,23.0,11.0,9.0,18.0,5.0,8.0,16.0,4.0,1.0,0
50.0,22.0,15.0,5.0,24.0,10.0,9.0,16.0,18.0,8.0,0
18.0,10.0,6.0,1.0,22.0,8.0,3.0,12.0,3.0,6.0,0
16.0,9.0,6.0,6.0,8.0,3.0,6.0,7.0,4.0,1.0,0
21.0,15.0,10.0,3.0,14.0,8.0,7.0,9.0,12.0,5.0,0
7.0,7.0,4.0,4.0,2.0,1.0,1.0,2.0,5.0,1.0,0
125.0,83.0,52.0,37.0,54.0,38.0,20.0,25.0,35.0,7.0,1
13.0,8.0,9.0,1.0,14.0,8.0,8.0,13.0,1.0,3.0,0
59.0,41.0,18.0,16.0,27.0,17.0,11.0,9.0,33.0,6.0,0
30.0,22.0,7.0,6.0,21.0,7.0,7.0,12.0,9.0,5.0,0
35.0,27.0,13.0,7.0,6.0,5.0,4.0,4.0,3.0,3.0,1
13.0,11.0,3.0,2.0,9.0,5.0,4.0,2.0,6.0,3.0,0
21.0,12.0,6.0,6.0,13.0,10.0,3.0,9.0,2.0,2.0,1
51.0,41.0,20.0,13.0,23.0,15.0,15.0,14.0,11.0,3.0,1
41.0,27.0,11.0,8.0,12.0,7.0,5.0,9.0,1.0,2.0,1
96.0,48.0,42.0,32.0,36.0,24.0,7.0,15.0,12.0,3.0,1
39.0,31.0,16.0,6.0,18.0,6.0,4.0,8.0,10.0,2.0,0
12.0,8.0,3.0,0.0,8.0,4.0,4.0,4.0,3.0,2.0,1
157.0,130.0,79.0,21.0,90.0,63.0,19.0,28.0,29.0,15.0,0
171.0,107.0,80.0,48.0,96.0,46.0,44.0,57.0,30.0,21.0,1
14.0,9.0,5.0,4.0,12.0,4.0,6.0,10.0,3.0,5.0,0
21.0,12.0,6.0,6.0,13.0,10.0,3.0,9.0,2.0,2.0,1
41.0,27.0,11.0,8.0,12.0,7.0,5.0,9.0,1.0,2.0,1
51.0,41.0,20.0,13.0,23.0,15.0,15.0,14.0,11.0,3.0,1
85.0,58.0,43.0,24.0,88.0,54.0,34.0,31.0,19.0,15.0,1
14.0,8.0,2.0,1.0,11.0,5.0,5.0,5.0,2.0,1.0,1
11.0,6.0,3.0,3.0,5.0,2.0,2.0,5.0,2.0,2.0,1
59.0,37.0,34.0,20.0,20.0,13.0,12.0,18.0,13.0,0.0,1
1.0,1.0,3.0,1.0,6.0,3.0,1.0,3.0,1.0,1.0,0
25.0,15.0,14.0,5.0,20.0,12.0,10.0,17.0,10.0,5.0,1
80.0,52.0,26.0,6.0,30.0,10.0,11.0,13.0,16.0,4.0,1
12.0,9.0,5.0,4.0,4.0,3.0,3.0,3.0,8.0,1.0,0
11.0,8.0,5.0,2.0,2.0,2.0,2.0,0.0,3.0,0.0,1
38.0,37.0,25.0,11.0,18.0,12.0,10.0,8.0,8.0,2.0,1
20.0,13.0,6.0,7.0,6.0,3.0,3.0,4.0,11.0,1.0,0
15.0,11.0,4.0,1.0,16.0,6.0,5.0,5.0,5.0,1.0,0
28.0,23.0,9.0,2.0,35.0,23.0,1.0,3.0,4.0,1.0,1
10.0,16.0,3.0,3.0,4.0,1.0,1.0,2.0,5.0,3.0,1
14.0,8.0,2.0,1.0,11.0,5.0,5.0,5.0,2.0,1.0,1
85.0,58.0,43.0,24.0,88.0,54.0,34.0,31.0,19.0,15.0,1
11.0,6.0,3.0,3.0,5.0,2.0,2.0,5.0,2.0,2.0,1
84.0,68.0,21.0,8.0,35.0,8.0,12.0,15.0,16.0,5.0,0
52.0,23.0,22.0,8.0,15.0,14.0,2.0,0.0,2.0,0.0,1
75.0,43.0,34.0,27.0,47.0,29.0,10.0,13.0,13.0,2.0,0
50.0,43.0,15.0,12.0,18.0,9.0,4.0,11.0,13.0,2.0,0
50.0,43.0,15.0,12.0,18.0,9.0,4.0,11.0,13.0,2.0,0
0.0,1.0,0.0,0.0,0.0,0.0,0.0,1.0,0.0,0.0,0
10.0,13.0,4.0,2.0,16.0,7.0,5.0,7.0,5.0,3.0,1
7.0,4.0,3.0,2.0,7.0,4.0,3.0,12.0,1.0,2.0,1
16.0,18.0,9.0,4.0,32.0,15.0,17.0,21.0,24.0,10.0,1
10.0,9.0,3.0,3.0,8.0,4.0,3.0,4.0,3.0,2.0,1
19.0,9.0,11.0,2.0,4.0,2.0,4.0,6.0,3.0,2.0,0
13.0,10.0,4.0,0.0,9.0,2.0,0.0,4.0,2.0,0.0,0
23.0,14.0,9.0,10.0,13.0,7.0,5.0,4.0,6.0,3.0,1
0.0,0.0,1.0,0.0,1.0,1.0,0.0,1.0,0.0,0.0,0
14.0,14.0,16.0,4.0,17.0,11.0,4.0,9.0,3.0,1.0,0
47.0,36.0,16.0,9.0,15.0,6.0,3.0,10.0,11.0,1.0,0
15.0,9.0,4.0,6.0,5.0,1.0,4.0,6.0,8.0,1.0,0
8.0,4.0,0.0,0.0,5.0,1.0,0.0,1.0,3.0,0.0,1
59.0,45.0,24.0,14.0,26.0,10.0,6.0,9.0,7.0,2.0,1
23.0,14.0,9.0,10.0,13.0,7.0,5.0,4.0,6.0,3.0,1
13.0,9.0,5.0,3.0,4.0,1.0,2.0,3.0,6.0,3.0,0
49.0,41.0,16.0,12.0,24.0,12.0,5.0,13.0,12.0,2.0,0
27.0,20.0,16.0,8.0,12.0,6.0,4.0,4.0,6.0,0.0,1
46.0,39.0,14.0,11.0,22.0,11.0,5.0,12.0,12.0,2.0,0
13.0,9.0,5.0,3.0,4.0,1.0,2.0,3.0,6.0,3.0,0
49.0,41.0,16.0,12.0,24.0,12.0,5.0,13.0,12.0,2.0,0
46.0,39.0,14.0,11.0,22.0,11.0,5.0,12.0,12.0,2.0,0
27.0,20.0,16.0,8.0,12.0,6.0,4.0,4.0,6.0,0.0,1
7.0,2.0,3.0,1.0,12.0,1.0,1.0,4.0,1.0,1.0,0
26.0,15.0,5.0,4.0,9.0,3.0,8.0,5.0,13.0,6.0,0
6.0,9.0,3.0,1.0,8.0,4.0,3.0,3.0,3.0,1.0,1
1.0,0.0,0.0,0.0,3.0,0.0,2.0,0.0,0.0,1.0,0
26.0,25.0,20.0,8.0,38.0,13.0,31.0,35.0,3.0,4.0,1
45.0,38.0,13.0,9.0,21.0,10.0,6.0,11.0,13.0,2.0,0
14.0,12.0,6.0,2.0,2.0,1.0,1.0,3.0,5.0,0.0,1
8.0,5.0,4.0,0.0,12.0,1.0,2.0,5.0,2.0,4.0,0
41.0,43.0,19.0,9.0,46.0,22.0,20.0,14.0,13.0,3.0,0
35.0,29.0,11.0,10.0,2.0,0.0,2.0,2.0,0.0,0.0,1
138.0,97.0,68.0,42.0,84.0,46.0,41.0,41.0,39.0,15.0,1
26.0,13.0,5.0,2.0,1.0,0.0,0.0,1.0,13.0,0.0,0
47.0,31.0,26.0,11.0,39.0,22.0,11.0,20.0,7.0,3.0,1
4.0,3.0,6.0,2.0,12.0,10.0,6.0,5.0,4.0,2.0,0
9.0,4.0,1.0,0.0,4.0,2.0,0.0,1.0,2.0,0.0,1
46.0,38.0,13.0,9.0,21.0,10.0,6.0,11.0,13.0,2.0,0
4.0,3.0,6.0,2.0,12.0,10.0,6.0,5.0,4.0,2.0,0
47.0,31.0,26.0,11.0,39.0,22.0,11.0,20.0,7.0,3.0,1
46.0,38.0,13.0,9.0,21.0,10.0,6.0,11.0,13.0,2.0,0
9.0,4.0,1.0,0.0,4.0,2.0,0.0,1.0,2.0,0.0,1
185.0,174.0,76.0,52.0,81.0,53.0,42.0,37.0,44.0,9.0,0
25.0,18.0,9.0,6.0,30.0,17.0,15.0,24.0,5.0,9.0,1
134.0,111.0,64.0,52.0,95.0,48.0,52.0,50.0,40.0,23.0,1
25.0,13.0,11.0,8.0,14.0,4.0,2.0,1.0,6.0,0.0,1
597.0,482.0,288.0,191.0,314.0,170.0,150.0,169.0,156.0,56.0,1
667.0,536.0,238.0,168.0,277.0,150.0,126.0,162.0,125.0,74.0,0
45.0,37.0,18.0,11.0,42.0,14.0,21.0,13.0,29.0,15.0,1
10.0,8.0,1.0,1.0,5.0,2.0,3.0,3.0,3.0,1.0,1
10.0,6.0,7.0,6.0,6.0,6.0,5.0,0.0,5.0,0.0,1
72.0,52.0,28.0,10.0,25.0,5.0,6.0,13.0,5.0,3.0,1
86.0,49.0,47.0,31.0,45.0,20.0,27.0,28.0,32.0,8.0,1
14.0,14.0,10.0,3.0,10.0,5.0,1.0,8.0,2.0,1.0,0
10.0,9.0,3.0,0.0,4.0,3.0,2.0,3.0,4.0,2.0,0
6.0,3.0,4.0,1.0,2.0,2.0,0.0,2.0,0.0,0.0,0
141.0,147.0,140.0,34.0,165.0,104.0,29.0,121.0,20.0,14.0,0
36.0,33.0,12.0,6.0,21.0,7.0,12.0,19.0,16.0,5.0,1
10.0,8.0,1.0,1.0,5.0,2.0,3.0,3.0,3.0,1.0,1
10.0,6.0,7.0,6.0,6.0,6.0,5.0,0.0,5.0,0.0,1
72.0,52.0,28.0,10.0,25.0,5.0,6.0,13.0,5.0,3.0,1
86.0,49.0,47.0,31.0,45.0,20.0,27.0,28.0,32.0,8.0,1
14.0,14.0,10.0,3.0,10.0,5.0,1.0,8.0,2.0,1.0,0
13.0,8.0,6.0,3.0,10.0,6.0,3.0,6.0,4.0,2.0,1
4.0,1.0,4.0,0.0,9.0,5.0,1.0,5.0,0.0,1.0,0
8.0,8.0,3.0,0.0,6.0,2.0,3.0,2.0,1.0,0.0,0
3.0,2.0,3.0,0.0,5.0,3.0,0.0,3.0,0.0,0.0,0
7.0,10.0,2.0,1.0,13.0,2.0,7.0,6.0,3.0,3.0,0
8.0,8.0,3.0,0.0,6.0,2.0,3.0,2.0,1.0,0.0,0
3.0,2.0,3.0,0.0,5.0,3.0,0.0,3.0,0.0,0.0,0
7.0,10.0,2.0,1.0,13.0,2.0,7.0,6.0,3.0,3.0,0
11.0,9.0,11.0,1.0,12.0,5.0,1.0,6.0,2.0,0.0,0
19.0,28.0,11.0,2.0,16.0,5.0,3.0,9.0,4.0,3.0,0
12.0,16.0,14.0,2.0,15.0,8.0,1.0,10.0,4.0,0.0,0
0.0,1.0,0.0,0.0,0.0,0.0,0.0,0.0,0.0,0.0,0
120.0,84.0,63.0,48.0,66.0,32.0,37.0,37.0,30.0,14.0,1
12.0,14.0,7.0,2.0,14.0,4.0,9.0,6.0,11.0,3.0,0
11.0,6.0,4.0,1.0,1.0,0.0,0.0,2.0,6.0,1.0,0
143.0,93.0,71.0,45.0,84.0,39.0,40.0,40.0,38.0,16.0,1
16.0,9.0,10.0,5.0,12.0,12.0,8.0,3.0,3.0,1.0,1
17.0,9.0,8.0,4.0,10.0,4.0,5.0,3.0,5.0,0.0,1
6.0,3.0,6.0,0.0,3.0,0.0,7.0,4.0,2.0,1.0,0
50.0,45.0,17.0,10.0,23.0,11.0,5.0,11.0,14.0,2.0,0
9.0,7.0,5.0,5.0,10.0,7.0,6.0,4.0,6.0,5.0,0
42.0,30.0,13.0,13.0,31.0,15.0,21.0,23.0,6.0,10.0,0
225.0,119.0,90.0,49.0,82.0,34.0,20.0,35.0,29.0,20.0,0
27.0,18.0,10.0,9.0,17.0,9.0,5.0,5.0,4.0,6.0,0
338.0,281.0,104.0,71.0,140.0,84.0,40.0,52.0,49.0,18.0,0
16.0,9.0,10.0,5.0,12.0,12.0,8.0,3.0,3.0,1.0,1
1.0,1.0,0.0,1.0,0.0,1.0,1.0,1.0,0.0,1.0,0
29.0,27.0,17.0,14.0,10.0,8.0,6.0,9.0,6.0,3.0,1
12.0,10.0,3.0,4.0,4.0,4.0,1.0,3.0,7.0,2.0,0
8.0,6.0,7.0,2.0,7.0,4.0,2.0,4.0,6.0,0.0,0
13.0,4.0,5.0,1.0,8.0,3.0,3.0,5.0,3.0,0.0,1
45.0,38.0,13.0,9.0,21.0,10.0,6.0,11.0,13.0,2.0,0
25.0,28.0,13.0,5.0,23.0,7.0,11.0,12.0,5.0,6.0,0
32.0,16.0,7.0,3.0,15.0,5.0,7.0,10.0,8.0,3.0,0
3.0,2.0,3.0,0.0,1.0,0.0,3.0,1.0,0.0,0.0,0
3.0,4.0,1.0,2.0,1.0,0.0,1.0,1.0,2.0,1.0,0
20.0,4.0,1.0,1.0,5.0,5.0,0.0,1.0,0.0,0.0,1
98.0,59.0,41.0,31.0,37.0,25.0,17.0,18.0,22.0,6.0,1
19.0,11.0,9.0,5.0,25.0,4.0,12.0,20.0,7.0,2.0,1
8.0,8.0,5.0,2.0,5.0,2.0,3.0,4.0,6.0,0.0,0
19.0,11.0,6.0,3.0,8.0,3.0,1.0,5.0,0.0,6.0,1
14.0,7.0,3.0,4.0,6.0,2.0,1.0,3.0,3.0,0.0,0
9.0,10.0,3.0,2.0,6.0,4.0,1.0,3.0,4.0,0.0,0
5.0,3.0,1.0,0.0,0.0,0.0,0.0,0.0,1.0,0.0,0
44.0,10.0,7.0,5.0,6.0,1.0,2.0,3.0,4.0,0.0,1
17.0,7.0,5.0,6.0,8.0,7.0,5.0,3.0,5.0,2.0,1
183.0,113.0,83.0,55.0,99.0,53.0,31.0,47.0,37.0,19.0,1
6.0,3.0,0.0,0.0,0.0,0.0,0.0,0.0,5.0,0.0,0
13.0,10.0,5.0,4.0,6.0,4.0,4.0,7.0,10.0,3.0,0
15.0,10.0,5.0,1.0,3.0,0.0,0.0,2.0,2.0,0.0,0
5.0,3.0,1.0,0.0,0.0,0.0,0.0,0.0,1.0,0.0,0
44.0,10.0,7.0,5.0,6.0,1.0,2.0,3.0,4.0,0.0,1
8.0,8.0,3.0,1.0,5.0,2.0,1.0,2.0,5.0,2.0,1
9.0,1.0,0.0,0.0,2.0,0.0,0.0,0.0,5.0,0.0,1
14.0,10.0,4.0,2.0,7.0,1.0,2.0,5.0,5.0,1.0,0
93.0,59.0,31.0,24.0,56.0,27.0,20.0,36.0,18.0,8.0,1
6.0,5.0,1.0,1.0,5.0,3.0,3.0,3.0,1.0,5.0,1
16.0,8.0,6.0,2.0,4.0,0.0,1.0,4.0,4.0,1.0,0
0.0,0.0,0.0,0.0,1.0,0.0,0.0,0.0,0.0,0.0,0
9.0,5.0,1.0,0.0,6.0,3.0,2.0,3.0,4.0,3.0,0
8.0,8.0,3.0,1.0,5.0,2.0,1.0,2.0,5.0,2.0,1
9.0,1.0,0.0,0.0,2.0,0.0,0.0,0.0,5.0,0.0,1
14.0,10.0,4.0,2.0,7.0,1.0,2.0,5.0,5.0,1.0,0
137.0,89.0,64.0,40.0,67.0,30.0,35.0,27.0,32.0,9.0,1
17.0,16.0,2.0,1.0,9.0,0.0,1.0,2.0,10.0,0.0,0
37.0,31.0,16.0,12.0,38.0,21.0,28.0,31.0,26.0,11.0,1
50.0,50.0,10.0,13.0,41.0,13.0,10.0,25.0,48.0,7.0,1
15.0,12.0,6.0,5.0,10.0,2.0,4.0,6.0,10.0,1.0,0
6.0,7.0,4.0,2.0,2.0,2.0,2.0,2.0,2.0,2.0,0
37.0,24.0,9.0,4.0,11.0,2.0,8.0,12.0,17.0,1.0,0
23.0,19.0,8.0,10.0,31.0,8.0,16.0,25.0,6.0,3.0,0
2.0,1.0,0.0,0.0,3.0,0.0,0.0,1.0,1.0,0.0,0
30.0,29.0,13.0,14.0,25.0,13.0,15.0,16.0,18.0,7.0,0
43.0,48.0,9.0,10.0,27.0,17.0,18.0,18.0,17.0,5.0,1
4.0,6.0,0.0,0.0,16.0,11.0,11.0,1.0,16.0,10.0,0
33.0,33.0,10.0,8.0,7.0,6.0,3.0,3.0,13.0,2.0,0
21.0,22.0,9.0,7.0,17.0,9.0,8.0,8.0,8.0,4.0,0
18.0,19.0,5.0,6.0,5.0,4.0,4.0,1.0,7.0,1.0,0
11.0,5.0,1.0,2.0,6.0,0.0,2.0,3.0,0.0,0.0,0
48.0,36.0,18.0,27.0,12.0,7.0,6.0,11.0,15.0,3.0,0
16.0,18.0,4.0,3.0,15.0,2.0,2.0,3.0,6.0,1.0,0
26.0,16.0,8.0,5.0,9.0,3.0,4.0,7.0,2.0,1.0,1
17.0,10.0,6.0,5.0,7.0,7.0,3.0,4.0,6.0,2.0,1
18.0,21.0,10.0,7.0,18.0,18.0,0.0,2.0,1.0,0.0,0
21.0,15.0,10.0,4.0,15.0,6.0,8.0,9.0,4.0,3.0,0
37.0,31.0,16.0,12.0,38.0,21.0,28.0,31.0,26.0,11.0,1
50.0,50.0,10.0,13.0,41.0,13.0,10.0,25.0,48.0,7.0,1
15.0,12.0,6.0,5.0,10.0,2.0,4.0,6.0,10.0,1.0,0
6.0,7.0,4.0,2.0,2.0,2.0,2.0,2.0,2.0,2.0,0
37.0,24.0,9.0,4.0,11.0,2.0,8.0,12.0,17.0,1.0,0
23.0,19.0,8.0,10.0,31.0,8.0,16.0,25.0,6.0,3.0,0
2.0,1.0,0.0,0.0,3.0,0.0,0.0,1.0,1.0,0.0,0
30.0,29.0,13.0,14.0,25.0,13.0,15.0,16.0,18.0,7.0,0
43.0,48.0,9.0,10.0,27.0,17.0,18.0,18.0,17.0,5.0,1
4.0,6.0,0.0,0.0,16.0,11.0,11.0,1.0,16.0,10.0,0
21.0,12.0,7.0,3.0,5.0,1.0,0.0,4.0,0.0,0.0,1
41.0,28.0,12.0,9.0,42.0,26.0,18.0,18.0,7.0,15.0,0
10.0,4.0,5.0,1.0,7.0,1.0,2.0,3.0,4.0,3.0,0
4.0,3.0,1.0,2.0,0.0,0.0,0.0,0.0,0.0,0.0,0
65.0,52.0,17.0,15.0,57.0,40.0,24.0,26.0,18.0,13.0,0
23.0,14.0,4.0,4.0,4.0,1.0,3.0,4.0,3.0,1.0,1
28.0,16.0,5.0,3.0,6.0,5.0,1.0,3.0,11.0,0.0,0
25.0,14.0,8.0,4.0,10.0,4.0,6.0,7.0,5.0,2.0,1
24.0,12.0,12.0,8.0,9.0,5.0,7.0,1.0,5.0,0.0,1
175.0,138.0,79.0,71.0,111.0,50.0,75.0,77.0,31.0,24.0,1
4.0,3.0,1.0,2.0,0.0,0.0,0.0,0.0,0.0,0.0,0
65.0,52.0,17.0,15.0,57.0,40.0,24.0,26.0,18.0,13.0,0
18.0,20.0,11.0,6.0,9.0,0.0,7.0,4.0,3.0,2.0,0
4.0,3.0,5.0,0.0,8.0,2.0,4.0,4.0,0.0,3.0,0
1.0,1.0,0.0,0.0,2.0,2.0,1.0,0.0,0.0,1.0,0
175.0,105.0,78.0,65.0,65.0,39.0,32.0,40.0,30.0,10.0,1
8.0,5.0,6.0,1.0,7.0,5.0,9.0,8.0,11.0,5.0,0
19.0,11.0,9.0,2.0,9.0,7.0,3.0,4.0,8.0,3.0,0
12.0,11.0,6.0,2.0,12.0,8.0,10.0,7.0,9.0,8.0,0
0.0,0.0,0.0,0.0,1.0,0.0,0.0,1.0,0.0,0.0,0
22.0,14.0,2.0,2.0,6.0,1.0,1.0,5.0,13.0,0.0,0
2.0,1.0,0.0,0.0,2.0,2.0,1.0,1.0,2.0,1.0,0
18.0,14.0,10.0,5.0,11.0,8.0,4.0,7.0,9.0,3.0,0
40.0,37.0,23.0,14.0,26.0,19.0,5.0,9.0,18.0,3.0,0
8.0,5.0,1.0,1.0,4.0,3.0,0.0,2.0,1.0,0.0,0
10.0,4.0,3.0,2.0,11.0,6.0,9.0,11.0,2.0,4.0,1
39.0,26.0,9.0,5.0,24.0,20.0,3.0,5.0,2.0,1.0,1
4.0,3.0,0.0,0.0,2.0,0.0,0.0,0.0,0.0,0.0,1
148.0,81.0,68.0,58.0,67.0,41.0,25.0,35.0,27.0,15.0,1
2.0,2.0,1.0,2.0,1.0,1.0,1.0,1.0,2.0,1.0,0
47.0,49.0,20.0,4.0,22.0,12.0,12.0,14.0,14.0,5.0,0
207.0,206.0,112.0,70.0,78.0,25.0,45.0,64.0,29.0,17.0,0
3.0,3.0,2.0,0.0,3.0,1.0,2.0,4.0,4.0,1.0,0
31.0,25.0,18.0,15.0,5.0,4.0,5.0,5.0,3.0,3.0,1
2.0,2.0,1.0,2.0,1.0,1.0,1.0,1.0,2.0,1.0,0
18.0,6.0,6.0,0.0,5.0,2.0,8.0,8.0,5.0,2.0,0
71.0,79.0,30.0,14.0,8.0,4.0,6.0,3.0,12.0,1.0,1
7.0,5.0,1.0,1.0,1.0,1.0,1.0,1.0,1.0,1.0,1
19.0,9.0,9.0,8.0,10.0,6.0,5.0,6.0,3.0,4.0,1
15.0,6.0,5.0,4.0,15.0,6.0,9.0,18.0,3.0,3.0,1
4.0,4.0,2.0,0.0,8.0,6.0,4.0,9.0,4.0,0.0,0
8.0,6.0,1.0,1.0,5.0,3.0,2.0,2.0,7.0,2.0,0
107.0,97.0,44.0,22.0,90.0,42.0,23.0,63.0,32.0,12.0,0
11.0,11.0,3.0,0.0,6.0,3.0,1.0,7.0,5.0,2.0,0
7.0,5.0,3.0,1.0,7.0,3.0,5.0,9.0,7.0,1.0,0
8.0,6.0,3.0,0.0,10.0,6.0,3.0,3.0,3.0,0.0,1
46.0,39.0,15.0,9.0,16.0,8.0,3.0,9.0,12.0,1.0,0
94.0,63.0,46.0,34.0,51.0,32.0,19.0,26.0,24.0,10.0,1
42.0,26.0,15.0,10.0,23.0,17.0,8.0,6.0,17.0,2.0,0
2.0,2.0,0.0,0.0,2.0,0.0,1.0,2.0,2.0,0.0,0
46.0,39.0,15.0,9.0,16.0,8.0,3.0,9.0,12.0,1.0,0
94.0,63.0,46.0,34.0,51.0,32.0,19.0,26.0,24.0,10.0,1
42.0,26.0,15.0,10.0,23.0,17.0,8.0,6.0,17.0,2.0,0
2.0,2.0,0.0,0.0,2.0,0.0,1.0,2.0,2.0,0.0,0
59.0,41.0,21.0,17.0,27.0,17.0,11.0,9.0,33.0,7.0,0
42.0,18.0,26.0,6.0,31.0,13.0,12.0,25.0,13.0,6.0,0
37.0,24.0,9.0,4.0,11.0,2.0,8.0,12.0,17.0,1.0,0
16.0,16.0,3.0,2.0,13.0,8.0,2.0,5.0,6.0,0.0,0
14.0,8.0,4.0,4.0,6.0,3.0,1.0,3.0,4.0,1.0,0
16.0,15.0,8.0,6.0,12.0,12.0,0.0,2.0,0.0,0.0,0
16.0,9.0,6.0,6.0,8.0,3.0,6.0,7.0,4.0,1.0,0
17.0,16.0,2.0,0.0,2.0,0.0,2.0,2.0,0.0,1.0,0
50.0,31.0,29.0,21.0,23.0,11.0,11.0,15.0,32.0,5.0,0
59.0,41.0,21.0,17.0,27.0,17.0,11.0,9.0,33.0,7.0,0
42.0,18.0,26.0,6.0,31.0,13.0,12.0,25.0,13.0,6.0,0
37.0,24.0,9.0,4.0,11.0,2.0,8.0,12.0,17.0,1.0,0
16.0,16.0,3.0,2.0,13.0,8.0,2.0,5.0,6.0,0.0,0
14.0,8.0,4.0,4.0,6.0,3.0,1.0,3.0,4.0,1.0,0
16.0,15.0,8.0,6.0,12.0,12.0,0.0,2.0,0.0,0.0,0
27.0,11.0,9.0,7.0,10.0,7.0,6.0,6.0,10.0,1.0,1
32.0,33.0,9.0,8.0,5.0,4.0,3.0,2.0,13.0,2.0,0
51.0,47.0,27.0,34.0,11.0,5.0,6.0,8.0,18.0,2.0,0
52.0,46.0,20.0,14.0,32.0,19.0,16.0,26.0,13.0,8.0,0
22.0,14.0,17.0,6.0,28.0,14.0,5.0,15.0,5.0,0.0,0
20.0,12.0,17.0,4.0,16.0,5.0,8.0,3.0,4.0,0.0,0
1.0,0.0,0.0,0.0,1.0,0.0,0.0,0.0,0.0,0.0,0
256.0,114.0,63.0,27.0,101.0,24.0,21.0,40.0,25.0,12.0,0
8.0,12.0,2.0,1.0,2.0,2.0,0.0,5.0,7.0,0.0,0
22.0,17.0,7.0,3.0,10.0,2.0,6.0,6.0,7.0,4.0,0
251.0,239.0,84.0,49.0,151.0,72.0,66.0,86.0,67.0,31.0,0
13.0,8.0,9.0,1.0,14.0,8.0,8.0,13.0,1.0,3.0,0
14.0,3.0,5.0,3.0,4.0,4.0,0.0,5.0,2.0,0.0,0
14.0,13.0,5.0,0.0,11.0,5.0,4.0,8.0,5.0,1.0,0
16.0,9.0,6.0,6.0,8.0,3.0,6.0,7.0,4.0,1.0,0
17.0,16.0,2.0,0.0,2.0,0.0,2.0,2.0,0.0,1.0,0
50.0,31.0,29.0,21.0,23.0,11.0,11.0,15.0,32.0,5.0,0
167.0,127.0,66.0,46.0,90.0,46.0,66.0,64.0,34.0,20.0,0
0.0,0.0,0.0,0.0,0.0,0.0,0.0,0.0,0.0,0.0,0
26.0,25.0,8.0,5.0,1.0,1.0,1.0,1.0,15.0,0.0,0
74.0,67.0,31.0,16.0,32.0,21.0,28.0,28.0,27.0,14.0,1
21.0,14.0,11.0,9.0,1.0,0.0,1.0,4.0,10.0,0.0,0
2.0,1.0,1.0,0.0,0.0,0.0,1.0,1.0,0.0,0.0,0
24.0,15.0,11.0,11.0,7.0,6.0,7.0,9.0,3.0,5.0,1
11.0,7.0,7.0,3.0,9.0,3.0,6.0,10.0,5.0,2.0,1
23.0,7.0,9.0,3.0,5.0,2.0,3.0,5.0,1.0,0.0,1
11.0,8.0,2.0,2.0,7.0,2.0,5.0,6.0,10.0,1.0,0
50.0,45.0,17.0,10.0,23.0,11.0,5.0,11.0,14.0,2.0,0
399.0,349.0,116.0,89.0,66.0,14.0,58.0,68.0,37.0,18.0,0
1.0,0.0,1.0,0.0,0.0,0.0,1.0,1.0,0.0,0.0,0
52.0,56.0,17.0,12.0,5.0,2.0,10.0,10.0,9.0,2.0,0
399.0,349.0,116.0,89.0,66.0,14.0,58.0,68.0,37.0,18.0,0
1.0,0.0,1.0,0.0,0.0,0.0,1.0,1.0,0.0,0.0,0
52.0,56.0,17.0,12.0,5.0,2.0,10.0,10.0,9.0,2.0,0
61.0,37.0,27.0,14.0,33.0,27.0,9.0,10.0,23.0,5.0,0
45.0,38.0,13.0,9.0,21.0,10.0,6.0,11.0,13.0,2.0,0
18.0,14.0,4.0,5.0,12.0,6.0,4.0,4.0,5.0,1.0,1
16.0,11.0,5.0,4.0,14.0,7.0,11.0,12.0,4.0,4.0,1
19.0,13.0,8.0,6.0,5.0,3.0,5.0,6.0,8.0,0.0,1
13.0,11.0,3.0,2.0,9.0,2.0,5.0,7.0,4.0,5.0,0
28.0,18.0,6.0,5.0,30.0,13.0,16.0,20.0,9.0,14.0,0
19.0,13.0,8.0,6.0,5.0,3.0,5.0,6.0,8.0,0.0,1
13.0,11.0,3.0,2.0,9.0,2.0,5.0,7.0,4.0,5.0,0
1.0,0.0,1.0,0.0,1.0,1.0,0.0,1.0,0.0,1.0,0
14.0,8.0,3.0,1.0,9.0,4.0,5.0,3.0,3.0,0.0,1
79.0,65.0,31.0,22.0,25.0,18.0,15.0,20.0,12.0,9.0,1
473.0,361.0,196.0,157.0,198.0,126.0,70.0,93.0,160.0,41.0,0
12.0,12.0,7.0,2.0,10.0,3.0,4.0,6.0,2.0,1.0,1
23.0,14.0,7.0,6.0,9.0,7.0,5.0,8.0,5.0,6.0,0
11.0,7.0,5.0,2.0,9.0,8.0,5.0,6.0,9.0,5.0,0
15.0,14.0,3.0,2.0,9.0,5.0,3.0,9.0,3.0,2.0,1
12.0,12.0,7.0,2.0,10.0,3.0,4.0,6.0,2.0,1.0,1
23.0,14.0,7.0,6.0,9.0,7.0,5.0,8.0,5.0,6.0,0
11.0,7.0,5.0,2.0,9.0,8.0,5.0,6.0,9.0,5.0,0
15.0,14.0,3.0,2.0,9.0,5.0,3.0,9.0,3.0,2.0,1
19.0,19.0,16.0,6.0,22.0,9.0,4.0,11.0,6.0,2.0,0
43.0,32.0,15.0,10.0,30.0,3.0,3.0,2.0,6.0,2.0,1
12.0,6.0,3.0,1.0,12.0,2.0,3.0,3.0,5.0,1.0,1
6.0,3.0,3.0,1.0,0.0,0.0,2.0,2.0,1.0,0.0,0
5.0,4.0,2.0,0.0,6.0,5.0,1.0,6.0,1.0,2.0,1
13.0,8.0,8.0,3.0,15.0,9.0,7.0,8.0,3.0,3.0,1
21.0,10.0,2.0,1.0,11.0,9.0,3.0,3.0,4.0,2.0,0
43.0,38.0,17.0,2.0,12.0,1.0,10.0,16.0,19.0,2.0,0
13.0,9.0,7.0,6.0,8.0,2.0,5.0,4.0,2.0,5.0,1
208.0,135.0,191.0,20.0,108.0,55.0,170.0,193.0,20.0,35.0,0
1.0,0.0,1.0,0.0,1.0,0.0,1.0,1.0,0.0,0.0,0
19.0,7.0,1.0,2.0,6.0,3.0,4.0,5.0,2.0,1.0,1
13.0,13.0,2.0,0.0,10.0,4.0,1.0,2.0,3.0,1.0,1
18.0,11.0,6.0,5.0,17.0,8.0,5.0,10.0,11.0,3.0,1
50.0,45.0,17.0,10.0,23.0,11.0,5.0,11.0,14.0,2.0,0
9.0,6.0,4.0,1.0,7.0,3.0,3.0,2.0,11.0,2.0,0
12.0,10.0,2.0,5.0,8.0,3.0,2.0,4.0,4.0,0.0,1
43.0,38.0,14.0,9.0,18.0,10.0,5.0,11.0,11.0,1.0,0
14.0,8.0,1.0,1.0,6.0,1.0,3.0,4.0,1.0,3.0,1
1.0,0.0,1.0,0.0,2.0,0.0,1.0,2.0,0.0,0.0,0
124.0,60.0,62.0,8.0,33.0,13.0,54.0,55.0,56.0,6.0,0
17.0,14.0,10.0,9.0,15.0,11.0,10.0,12.0,7.0,6.0,0
67.0,26.0,10.0,10.0,20.0,12.0,10.0,27.0,9.0,6.0,1
127.0,107.0,82.0,52.0,98.0,58.0,29.0,66.0,51.0,18.0,1
78.0,75.0,24.0,15.0,16.0,7.0,5.0,9.0,13.0,3.0,1
18.0,10.0,12.0,1.0,15.0,10.0,13.0,13.0,9.0,2.0,0
27.0,15.0,11.0,5.0,26.0,19.0,15.0,17.0,8.0,7.0,1
11.0,6.0,2.0,2.0,7.0,4.0,0.0,4.0,1.0,0.0,1
23.0,19.0,6.0,6.0,4.0,1.0,4.0,5.0,2.0,2.0,1
16.0,9.0,12.0,2.0,7.0,4.0,0.0,1.0,2.0,0.0,1
18.0,10.0,12.0,1.0,15.0,10.0,13.0,13.0,9.0,2.0,0
171.0,146.0,70.0,37.0,86.0,46.0,59.0,55.0,38.0,20.0,1
1.0,0.0,1.0,0.0,0.0,0.0,1.0,1.0,0.0,0.0,0
9.0,6.0,5.0,1.0,7.0,4.0,2.0,4.0,2.0,4.0,1
7.0,4.0,3.0,1.0,7.0,6.0,4.0,7.0,5.0,1.0,1
1.0,0.0,1.0,0.0,0.0,0.0,1.0,1.0,0.0,0.0,0
1.0,0.0,1.0,0.0,0.0,0.0,1.0,1.0,0.0,0.0,0
2.0,1.0,3.0,1.0,2.0,2.0,0.0,2.0,0.0,1.0,0
16.0,11.0,10.0,10.0,0.0,0.0,0.0,2.0,6.0,0.0,0
85.0,52.0,29.0,24.0,46.0,18.0,23.0,28.0,17.0,10.0,0
13.0,8.0,4.0,0.0,4.0,4.0,2.0,1.0,5.0,0.0,0
36.0,20.0,7.0,6.0,12.0,10.0,3.0,2.0,15.0,4.0,0
32.0,25.0,9.0,9.0,6.0,3.0,5.0,10.0,1.0,0.0,0
46.0,39.0,15.0,9.0,16.0,8.0,3.0,9.0,12.0,1.0,0
12.0,6.0,2.0,0.0,7.0,5.0,1.0,6.0,9.0,0.0,0
17.0,14.0,5.0,0.0,9.0,3.0,4.0,9.0,4.0,2.0,1
44.0,23.0,20.0,19.0,9.0,7.0,4.0,8.0,6.0,2.0,1
118.0,68.0,49.0,42.0,56.0,40.0,12.0,25.0,48.0,4.0,0
30.0,28.0,12.0,9.0,7.0,3.0,9.0,13.0,6.0,2.0,1
32.0,21.0,13.0,4.0,9.0,4.0,10.0,11.0,5.0,4.0,0
9.0,5.0,1.0,4.0,18.0,9.0,12.0,12.0,1.0,4.0,1
0.0,0.0,0.0,0.0,0.0,0.0,0.0,0.0,0.0,0.0,0
171.0,89.0,68.0,57.0,148.0,108.0,16.0,20.0,49.0,12.0,1
16.0,9.0,6.0,0.0,9.0,4.0,6.0,6.0,5.0,1.0,0
17.0,9.0,6.0,0.0,7.0,3.0,1.0,1.0,4.0,0.0,1
16.0,12.0,6.0,3.0,3.0,0.0,1.0,2.0,8.0,0.0,0
10.0,7.0,1.0,0.0,9.0,2.0,4.0,2.0,3.0,2.0,0
632.0,524.0,258.0,189.0,282.0,149.0,121.0,192.0,142.0,80.0,1
20.0,16.0,6.0,3.0,8.0,6.0,5.0,8.0,12.0,3.0,0
15.0,11.0,4.0,1.0,11.0,5.0,4.0,3.0,2.0,2.0,1
37.0,33.0,15.0,6.0,15.0,2.0,6.0,5.0,7.0,3.0,1
32.0,21.0,13.0,4.0,9.0,4.0,10.0,11.0,5.0,4.0,0
9.0,5.0,1.0,4.0,18.0,9.0,12.0,12.0,1.0,4.0,1
30.0,13.0,6.0,4.0,3.0,1.0,1.0,1.0,3.0,0.0,1
17.0,8.0,10.0,7.0,4.0,2.0,1.0,0.0,5.0,0.0,0
13.0,12.0,4.0,0.0,8.0,4.0,3.0,3.0,3.0,2.0,1
25.0,17.0,6.0,4.0,9.0,3.0,3.0,2.0,5.0,2.0,1
14.0,12.0,4.0,2.0,7.0,6.0,4.0,7.0,10.0,2.0,0
20.0,6.0,4.0,3.0,7.0,4.0,2.0,3.0,5.0,1.0,1
1.0,1.0,0.0,0.0,2.0,1.0,1.0,1.0,1.0,1.0,0
38.0,26.0,12.0,12.0,9.0,3.0,5.0,6.0,18.0,4.0,0
105.0,68.0,28.0,21.0,39.0,16.0,15.0,28.0,22.0,8.0,1
11.0,10.0,4.0,1.0,12.0,7.0,2.0,5.0,7.0,1.0,1
114.0,104.0,40.0,27.0,78.0,38.0,42.0,43.0,31.0,24.0,0
8.0,8.0,3.0,1.0,9.0,2.0,5.0,6.0,4.0,3.0,0
45.0,44.0,17.0,16.0,7.0,4.0,5.0,9.0,34.0,3.0,0
5.0,7.0,3.0,3.0,17.0,11.0,10.0,9.0,5.0,6.0,1
37.0,15.0,15.0,12.0,9.0,3.0,4.0,8.0,3.0,1.0,1
160.0,103.0,62.0,54.0,70.0,33.0,36.0,49.0,25.0,16.0,1
106.0,76.0,42.0,20.0,40.0,17.0,27.0,33.0,17.0,16.0,1
36.0,37.0,11.0,8.0,6.0,1.0,6.0,3.0,2.0,3.0,1
37.0,21.0,7.0,7.0,24.0,9.0,9.0,15.0,5.0,3.0,0
9.0,4.0,3.0,3.0,1.0,0.0,1.0,1.0,2.0,0.0,1
65.0,46.0,18.0,21.0,33.0,14.0,16.0,25.0,20.0,6.0,0
17.0,12.0,3.0,1.0,5.0,4.0,2.0,3.0,10.0,1.0,0
39.0,24.0,10.0,10.0,10.0,4.0,7.0,9.0,6.0,4.0,1
37.0,21.0,7.0,7.0,24.0,9.0,9.0,15.0,5.0,3.0,0
9.0,4.0,3.0,3.0,1.0,0.0,1.0,1.0,2.0,0.0,1
65.0,46.0,18.0,21.0,33.0,14.0,16.0,25.0,20.0,6.0,0
17.0,12.0,3.0,1.0,5.0,4.0,2.0,3.0,10.0,1.0,0
28.0,19.0,10.0,4.0,18.0,11.0,5.0,7.0,4.0,2.0,1
8.0,7.0,3.0,1.0,8.0,5.0,4.0,7.0,2.0,1.0,1
20.0,17.0,3.0,6.0,14.0,6.0,1.0,4.0,10.0,1.0,0
138.0,91.0,65.0,50.0,127.0,70.0,66.0,97.0,42.0,47.0,1
1.0,1.0,0.0,0.0,1.0,1.0,1.0,0.0,2.0,0.0,0
19.0,18.0,5.0,2.0,10.0,3.0,2.0,8.0,7.0,1.0,0
20.0,17.0,3.0,6.0,14.0,6.0,1.0,4.0,10.0,1.0,0
138.0,91.0,65.0,50.0,127.0,70.0,66.0,97.0,42.0,47.0,1
1.0,1.0,0.0,0.0,1.0,1.0,1.0,0.0,2.0,0.0,0
19.0,18.0,5.0,2.0,10.0,3.0,2.0,8.0,7.0,1.0,0
18.0,17.0,10.0,10.0,5.0,3.0,10.0,5.0,7.0,4.0,0
16.0,16.0,6.0,3.0,9.0,2.0,7.0,6.0,14.0,2.0,0
4.0,4.0,2.0,2.0,1.0,1.0,0.0,0.0,1.0,0.0,0
18.0,18.0,5.0,3.0,18.0,7.0,9.0,10.0,3.0,3.0,1
26.0,18.0,7.0,4.0,28.0,10.0,21.0,25.0,2.0,7.0,1
14.0,11.0,2.0,2.0,13.0,2.0,7.0,10.0,9.0,0.0,0
14.0,11.0,9.0,3.0,11.0,5.0,1.0,6.0,9.0,0.0,1
2.0,2.0,2.0,2.0,5.0,3.0,4.0,2.0,2.0,1.0,0
21.0,16.0,3.0,0.0,24.0,13.0,9.0,17.0,7.0,4.0,0
18.0,19.0,5.0,5.0,21.0,15.0,11.0,13.0,11.0,8.0,1
29.0,28.0,8.0,11.0,20.0,11.0,9.0,12.0,15.0,4.0,0
30.0,20.0,9.0,3.0,14.0,5.0,6.0,18.0,15.0,3.0,0
160.0,131.0,61.0,55.0,26.0,5.0,3.0,6.0,25.0,3.0,0
8.0,5.0,4.0,0.0,8.0,2.0,2.0,6.0,1.0,1.0,1
47.0,36.0,17.0,9.0,15.0,6.0,3.0,10.0,11.0,1.0,0
18.0,12.0,10.0,7.0,22.0,7.0,11.0,19.0,3.0,5.0,1
25.0,24.0,11.0,9.0,24.0,9.0,10.0,18.0,2.0,5.0,1
10.0,6.0,3.0,3.0,4.0,2.0,3.0,3.0,2.0,1.0,0
95.0,45.0,31.0,23.0,32.0,19.0,14.0,28.0,21.0,1.0,1
1.0,0.0,1.0,0.0,0.0,0.0,1.0,1.0,0.0,0.0,0
47.0,20.0,15.0,6.0,25.0,11.0,9.0,15.0,12.0,6.0,0
49.0,40.0,16.0,12.0,24.0,12.0,5.0,13.0,11.0,2.0,0
20.0,25.0,10.0,10.0,20.0,13.0,6.0,5.0,6.0,4.0,0
60.0,28.0,33.0,9.0,47.0,19.0,18.0,36.0,22.0,9.0,0
90.0,95.0,23.0,25.0,57.0,35.0,25.0,18.0,40.0,20.0,0
536.0,592.0,105.0,87.0,193.0,52.0,78.0,199.0,161.0,40.0,0
8.0,5.0,1.0,2.0,0.0,0.0,0.0,0.0,5.0,0.0,0
159.0,107.0,56.0,46.0,81.0,42.0,36.0,43.0,50.0,18.0,1
68.0,42.0,19.0,13.0,70.0,64.0,15.0,17.0,22.0,10.0,1
38.0,29.0,11.0,12.0,8.0,6.0,6.0,6.0,8.0,2.0,0
131.0,97.0,52.0,21.0,22.0,7.0,40.0,54.0,28.0,4.0,0
17.0,16.0,11.0,5.0,17.0,12.0,5.0,9.0,5.0,5.0,0
49.0,38.0,13.0,10.0,13.0,7.0,6.0,11.0,25.0,1.0,0
1.0,2.0,1.0,1.0,1.0,1.0,0.0,0.0,1.0,0.0,0
24.0,16.0,15.0,6.0,5.0,1.0,1.0,3.0,1.0,1.0,1
91.0,97.0,30.0,27.0,68.0,39.0,27.0,22.0,29.0,19.0,0
41.0,42.0,15.0,12.0,8.0,3.0,5.0,8.0,21.0,1.0,0
31.0,23.0,13.0,6.0,9.0,5.0,3.0,4.0,11.0,1.0,1
128.0,100.0,60.0,10.0,20.0,12.0,43.0,50.0,40.0,10.0,0
14.0,12.0,4.0,2.0,2.0,0.0,0.0,0.0,3.0,0.0,0
8.0,5.0,1.0,2.0,0.0,0.0,0.0,0.0,5.0,0.0,0
159.0,107.0,56.0,46.0,81.0,42.0,36.0,43.0,50.0,18.0,1
68.0,42.0,19.0,13.0,70.0,64.0,15.0,17.0,22.0,10.0,1
38.0,29.0,11.0,12.0,8.0,6.0,6.0,6.0,8.0,2.0,0
131.0,97.0,52.0,21.0,22.0,7.0,40.0,54.0,28.0,4.0,0
6.0,1.0,1.0,4.0,4.0,2.0,2.0,1.0,2.0,2.0,0
54.0,28.0,11.0,13.0,22.0,15.0,7.0,7.0,19.0,2.0,0
8.0,6.0,0.0,0.0,10.0,3.0,4.0,4.0,4.0,0.0,1
6.0,1.0,1.0,4.0,4.0,2.0,2.0,1.0,2.0,2.0,0
31.0,12.0,5.0,4.0,11.0,3.0,8.0,7.0,2.0,0.0,0
40.0,32.0,16.0,6.0,19.0,7.0,5.0,9.0,11.0,3.0,0
0.0,1.0,0.0,0.0,3.0,0.0,1.0,0.0,0.0,1.0,0
83.0,41.0,21.0,14.0,18.0,6.0,8.0,14.0,17.0,5.0,1
10.0,7.0,3.0,1.0,3.0,1.0,1.0,3.0,3.0,0.0,0
7.0,6.0,2.0,1.0,9.0,7.0,4.0,1.0,3.0,3.0,0
179.0,153.0,65.0,56.0,55.0,24.0,41.0,50.0,71.0,36.0,0
52.0,38.0,12.0,16.0,26.0,15.0,10.0,5.0,19.0,8.0,0
54.0,28.0,11.0,13.0,22.0,15.0,7.0,7.0,19.0,2.0,0
8.0,6.0,0.0,0.0,10.0,3.0,4.0,4.0,4.0,0.0,1
20.0,18.0,4.0,2.0,7.0,4.0,2.0,4.0,8.0,1.0,0
35.0,26.0,7.0,6.0,22.0,6.0,7.0,13.0,9.0,5.0,0
10.0,7.0,3.0,1.0,3.0,1.0,1.0,3.0,3.0,0.0,0
310.0,258.0,93.0,71.0,145.0,91.0,39.0,54.0,49.0,16.0,0
47.0,42.0,12.0,15.0,14.0,9.0,6.0,4.0,15.0,2.0,0
23.0,20.0,10.0,7.0,8.0,3.0,7.0,6.0,10.0,2.0,1
15.0,14.0,4.0,5.0,3.0,3.0,1.0,2.0,9.0,1.0,0
15.0,14.0,4.0,5.0,3.0,3.0,1.0,2.0,9.0,1.0,0
85.0,88.0,30.0,18.0,40.0,17.0,22.0,21.0,23.0,17.0,0
144.0,70.0,41.0,48.0,71.0,38.0,24.0,33.0,27.0,16.0,1
17.0,10.0,4.0,4.0,8.0,4.0,3.0,5.0,7.0,2.0,0
3.0,2.0,2.0,2.0,0.0,0.0,0.0,0.0,1.0,0.0,0
4.0,1.0,0.0,0.0,2.0,1.0,1.0,0.0,0.0,1.0,0
30.0,25.0,9.0,4.0,12.0,5.0,4.0,5.0,10.0,3.0,0
33.0,16.0,4.0,4.0,10.0,5.0,7.0,9.0,5.0,1.0,0
79.0,74.0,17.0,17.0,58.0,28.0,33.0,38.0,18.0,18.0,0
2.0,0.0,0.0,0.0,2.0,2.0,0.0,1.0,1.0,0.0,0
2.0,0.0,0.0,0.0,2.0,2.0,1.0,1.0,0.0,1.0,0
139.0,89.0,60.0,38.0,72.0,47.0,20.0,37.0,43.0,9.0,0
160.0,100.0,52.0,48.0,105.0,57.0,34.0,64.0,45.0,27.0,1
7.0,6.0,4.0,2.0,2.0,1.0,1.0,3.0,5.0,0.0,0
65.0,52.0,19.0,21.0,32.0,12.0,17.0,26.0,11.0,14.0,0
16.0,7.0,6.0,3.0,15.0,9.0,7.0,10.0,2.0,3.0,0
15.0,11.0,2.0,2.0,15.0,11.0,2.0,5.0,4.0,2.0,0
21.0,26.0,8.0,6.0,7.0,2.0,1.0,3.0,8.0,1.0,0
263.0,427.0,24.0,16.0,49.0,16.0,129.0,159.0,11.0,18.0,1
14.0,9.0,14.0,2.0,8.0,7.0,4.0,4.0,16.0,3.0,0
21.0,26.0,8.0,6.0,7.0,2.0,1.0,3.0,8.0,1.0,0
263.0,427.0,24.0,16.0,49.0,16.0,129.0,159.0,11.0,18.0,1
13.0,8.0,2.0,1.0,6.0,0.0,3.0,4.0,4.0,2.0,0
105.0,107.0,44.0,23.0,26.0,9.0,21.0,23.0,13.0,8.0,1
25.0,13.0,9.0,2.0,19.0,6.0,8.0,16.0,3.0,2.0,1
9.0,10.0,1.0,2.0,9.0,3.0,4.0,4.0,5.0,2.0,1
1.0,1.0,0.0,0.0,1.0,0.0,1.0,0.0,1.0,0.0,0
26.0,17.0,6.0,9.0,6.0,0.0,2.0,5.0,10.0,1.0,1
28.0,22.0,14.0,9.0,11.0,6.0,4.0,6.0,6.0,3.0,0
596.0,453.0,214.0,161.0,381.0,212.0,218.0,347.0,89.0,166.0,0
32.0,23.0,10.0,15.0,27.0,15.0,23.0,17.0,13.0,14.0,0
22.0,13.0,8.0,4.0,5.0,1.0,4.0,6.0,2.0,0.0,1
31.0,40.0,7.0,6.0,15.0,5.0,4.0,8.0,8.0,1.0,0
17.0,16.0,2.0,2.0,20.0,7.0,15.0,16.0,7.0,3.0,0
17.0,15.0,13.0,6.0,18.0,10.0,5.0,14.0,8.0,10.0,0
13.0,8.0,2.0,1.0,6.0,0.0,3.0,4.0,4.0,2.0,0
105.0,107.0,44.0,23.0,26.0,9.0,21.0,23.0,13.0,8.0,1
25.0,13.0,9.0,2.0,19.0,6.0,8.0,16.0,3.0,2.0,1
71.0,40.0,32.0,21.0,17.0,12.0,14.0,9.0,20.0,7.0,1
62.0,46.0,26.0,19.0,34.0,26.0,9.0,25.0,26.0,11.0,1
22.0,16.0,9.0,3.0,10.0,4.0,4.0,6.0,4.0,2.0,1
7.0,7.0,3.0,0.0,6.0,4.0,5.0,5.0,3.0,1.0,1
30.0,28.0,8.0,5.0,20.0,6.0,15.0,13.0,17.0,6.0,0
30.0,23.0,11.0,13.0,9.0,4.0,1.0,3.0,14.0,0.0,0
4.0,4.0,1.0,1.0,5.0,1.0,5.0,2.0,3.0,2.0,0
8.0,8.0,4.0,4.0,15.0,7.0,10.0,7.0,6.0,4.0,1
9.0,4.0,4.0,1.0,3.0,1.0,0.0,0.0,1.0,0.0,0
0.0,0.0,0.0,0.0,1.0,1.0,1.0,1.0,0.0,1.0,0
92.0,43.0,22.0,15.0,24.0,12.0,10.0,16.0,7.0,13.0,1
25.0,19.0,3.0,6.0,15.0,4.0,5.0,11.0,2.0,1.0,0
4.0,4.0,1.0,1.0,5.0,1.0,5.0,2.0,3.0,2.0,0
30.0,23.0,11.0,13.0,9.0,4.0,1.0,3.0,14.0,0.0,0
36.0,24.0,13.0,3.0,19.0,4.0,11.0,12.0,13.0,3.0,0
0.0,0.0,0.0,0.0,3.0,2.0,2.0,2.0,0.0,0.0,0
29.0,18.0,12.0,4.0,28.0,22.0,9.0,12.0,14.0,2.0,0
11.0,7.0,2.0,0.0,11.0,4.0,5.0,7.0,4.0,1.0,1
12.0,12.0,4.0,3.0,22.0,16.0,15.0,18.0,14.0,6.0,1
10.0,9.0,4.0,1.0,9.0,4.0,1.0,7.0,3.0,2.0,0
15.0,11.0,4.0,2.0,3.0,1.0,1.0,0.0,2.0,0.0,1
15.0,9.0,3.0,3.0,3.0,0.0,2.0,1.0,0.0,1.0,0
188.0,153.0,65.0,58.0,157.0,85.0,86.0,113.0,58.0,33.0,1
31.0,23.0,4.0,4.0,24.0,10.0,10.0,21.0,9.0,1.0,0
50.0,37.0,23.0,12.0,21.0,8.0,12.0,19.0,10.0,1.0,1
42.0,22.0,17.0,3.0,18.0,12.0,2.0,5.0,14.0,2.0,0
322.0,280.0,196.0,169.0,94.0,27.0,56.0,66.0,19.0,24.0,0
3.0,2.0,1.0,0.0,3.0,1.0,1.0,1.0,3.0,1.0,0
22.0,16.0,7.0,0.0,8.0,3.0,1.0,4.0,7.0,0.0,0
60.0,56.0,23.0,19.0,21.0,12.0,18.0,11.0,10.0,6.0,1
57.0,35.0,11.0,8.0,13.0,5.0,8.0,6.0,5.0,1.0,1
11.0,13.0,2.0,2.0,11.0,5.0,7.0,11.0,3.0,2.0,0
31.0,23.0,4.0,4.0,24.0,10.0,10.0,21.0,9.0,1.0,0
50.0,37.0,23.0,12.0,21.0,8.0,12.0,19.0,10.0,1.0,1
42.0,22.0,17.0,3.0,18.0,12.0,2.0,5.0,14.0,2.0,0
0.0,0.0,0.0,0.0,0.0,0.0,0.0,0.0,0.0,0.0,0
15.0,11.0,2.0,2.0,16.0,7.0,10.0,15.0,7.0,3.0,0
5.0,1.0,0.0,0.0,2.0,1.0,1.0,1.0,1.0,1.0,0
37.0,24.0,12.0,6.0,18.0,6.0,11.0,21.0,11.0,3.0,0
10.0,6.0,2.0,2.0,12.0,7.0,6.0,12.0,2.0,4.0,0
18.0,12.0,4.0,5.0,32.0,18.0,26.0,21.0,8.0,7.0,1
32.0,27.0,4.0,5.0,18.0,5.0,6.0,11.0,8.0,6.0,1
10.0,5.0,3.0,2.0,12.0,4.0,6.0,8.0,2.0,3.0,1
36.0,20.0,6.0,5.0,15.0,11.0,5.0,6.0,15.0,1.0,0
234.0,137.0,69.0,44.0,115.0,52.0,64.0,87.0,29.0,32.0,1
14.0,13.0,4.0,3.0,10.0,5.0,3.0,4.0,2.0,1.0,1
14.0,13.0,7.0,2.0,16.0,8.0,8.0,9.0,11.0,7.0,1
1.0,2.0,1.0,1.0,1.0,0.0,1.0,0.0,0.0,0.0,0
14.0,14.0,4.0,0.0,11.0,4.0,3.0,6.0,6.0,3.0,0
16.0,15.0,6.0,5.0,11.0,6.0,3.0,7.0,11.0,0.0,1
21.0,11.0,7.0,4.0,8.0,4.0,3.0,4.0,3.0,2.0,0
35.0,22.0,11.0,7.0,21.0,9.0,6.0,11.0,14.0,1.0,0
11.0,12.0,5.0,1.0,8.0,5.0,3.0,5.0,2.0,3.0,0
109.0,83.0,34.0,29.0,47.0,26.0,29.0,51.0,39.0,16.0,0
76.0,48.0,25.0,16.0,34.0,12.0,19.0,29.0,12.0,9.0,0
9.0,3.0,1.0,1.0,2.0,2.0,1.0,1.0,8.0,1.0,1
6.0,4.0,6.0,0.0,7.0,3.0,1.0,4.0,2.0,1.0,1
20.0,11.0,7.0,2.0,12.0,4.0,3.0,6.0,8.0,3.0,1
22.0,17.0,7.0,3.0,6.0,1.0,2.0,3.0,8.0,2.0,0
42.0,35.0,14.0,15.0,29.0,16.0,18.0,16.0,3.0,8.0,1
14.0,13.0,4.0,3.0,10.0,5.0,3.0,4.0,2.0,1.0,1
0.0,0.0,0.0,0.0,1.0,0.0,0.0,0.0,0.0,0.0,0
0.0,0.0,0.0,0.0,1.0,0.0,0.0,0.0,0.0,0.0,0
84.0,48.0,32.0,27.0,98.0,66.0,30.0,35.0,22.0,19.0,1
14.0,17.0,9.0,2.0,19.0,4.0,6.0,11.0,4.0,3.0,1
74.0,46.0,26.0,14.0,50.0,22.0,15.0,24.0,26.0,11.0,1
661.0,512.0,264.0,245.0,376.0,173.0,204.0,298.0,217.0,85.0,0
88.0,71.0,46.0,28.0,61.0,31.0,32.0,39.0,38.0,12.0,0
157.0,135.0,40.0,29.0,23.0,11.0,21.0,32.0,27.0,10.0,0
105.0,83.0,30.0,38.0,38.0,15.0,22.0,30.0,51.0,8.0,0
84.0,48.0,32.0,27.0,98.0,66.0,30.0,35.0,22.0,19.0,1
0.0,0.0,0.0,0.0,1.0,0.0,0.0,0.0,0.0,0.0,0
14.0,17.0,9.0,2.0,19.0,4.0,6.0,11.0,4.0,3.0,1
23.0,19.0,12.0,5.0,20.0,5.0,10.0,13.0,3.0,7.0,0
32.0,20.0,11.0,14.0,10.0,5.0,7.0,7.0,5.0,1.0,1
209.0,163.0,82.0,74.0,128.0,62.0,61.0,81.0,79.0,29.0,0
791.0,627.0,287.0,273.0,344.0,157.0,162.0,270.0,209.0,81.0,0
42.0,30.0,18.0,8.0,54.0,17.0,18.0,36.0,22.0,8.0,1
82.0,57.0,28.0,19.0,41.0,20.0,22.0,29.0,30.0,11.0,0
128.0,114.0,32.0,34.0,46.0,14.0,20.0,32.0,44.0,11.0,0
87.0,56.0,40.0,33.0,60.0,37.0,20.0,29.0,22.0,9.0,1
32.0,20.0,11.0,14.0,10.0,5.0,7.0,7.0,5.0,1.0,1
23.0,19.0,12.0,5.0,20.0,5.0,10.0,13.0,3.0,7.0,0
209.0,163.0,82.0,74.0,128.0,62.0,61.0,81.0,79.0,29.0,0
791.0,627.0,287.0,273.0,344.0,157.0,162.0,270.0,209.0,81.0,0
42.0,30.0,18.0,8.0,54.0,17.0,18.0,36.0,22.0,8.0,1
46.0,33.0,13.0,17.0,18.0,6.0,11.0,12.0,10.0,8.0,0
166.0,136.0,43.0,43.0,52.0,25.0,27.0,40.0,50.0,21.0,0
21.0,28.0,8.0,5.0,12.0,2.0,2.0,4.0,6.0,1.0,0
64.0,23.0,25.0,8.0,43.0,16.0,11.0,14.0,9.0,9.0,1
186.0,158.0,49.0,39.0,43.0,20.0,32.0,48.0,28.0,15.0,0
46.0,33.0,13.0,17.0,18.0,6.0,11.0,12.0,10.0,8.0,0
166.0,136.0,43.0,43.0,52.0,25.0,27.0,40.0,50.0,21.0,0
21.0,28.0,8.0,5.0,12.0,2.0,2.0,4.0,6.0,1.0,0
2.0,1.0,0.0,0.0,0.0,1.0,0.0,0.0,0.0,0.0,0
10.0,9.0,2.0,1.0,8.0,2.0,4.0,2.0,1.0,5.0,1
14.0,8.0,3.0,2.0,5.0,3.0,2.0,3.0,4.0,0.0,1
54.0,47.0,16.0,17.0,48.0,23.0,28.0,36.0,21.0,13.0,0
63.0,53.0,7.0,5.0,10.0,3.0,10.0,11.0,7.0,3.0,1
64.0,23.0,25.0,8.0,43.0,16.0,11.0,14.0,9.0,9.0,1
186.0,158.0,49.0,39.0,43.0,20.0,32.0,48.0,28.0,15.0,0
10.0,10.0,4.0,2.0,11.0,5.0,6.0,8.0,3.0,1.0,1
142.0,112.0,36.0,30.0,77.0,40.0,45.0,49.0,22.0,21.0,1
4.0,2.0,0.0,0.0,1.0,1.0,0.0,0.0,2.0,0.0,0
15.0,13.0,4.0,1.0,7.0,3.0,4.0,4.0,4.0,0.0,1
132.0,124.0,49.0,38.0,38.0,13.0,23.0,28.0,30.0,10.0,0
41.0,22.0,16.0,13.0,17.0,6.0,10.0,17.0,7.0,5.0,1
174.0,139.0,104.0,59.0,179.0,157.0,17.0,37.0,5.0,4.0,0
22.0,36.0,2.0,2.0,14.0,2.0,4.0,1.0,4.0,7.0,1
4.0,2.0,0.0,0.0,1.0,1.0,0.0,0.0,2.0,0.0,0
15.0,13.0,4.0,1.0,7.0,3.0,4.0,4.0,4.0,0.0,1
132.0,124.0,49.0,38.0,38.0,13.0,23.0,28.0,30.0,10.0,0
41.0,22.0,16.0,13.0,17.0,6.0,10.0,17.0,7.0,5.0,1
174.0,139.0,104.0,59.0,179.0,157.0,17.0,37.0,5.0,4.0,0
10.0,6.0,2.0,3.0,0.0,0.0,0.0,0.0,1.0,0.0,1
23.0,16.0,7.0,7.0,7.0,4.0,4.0,8.0,13.0,1.0,0
13.0,17.0,2.0,2.0,5.0,2.0,2.0,6.0,3.0,1.0,0
33.0,30.0,2.0,4.0,3.0,0.0,3.0,3.0,7.0,0.0,0
74.0,48.0,24.0,17.0,34.0,12.0,19.0,26.0,13.0,7.0,0
10.0,6.0,2.0,3.0,0.0,0.0,0.0,0.0,1.0,0.0,1
23.0,16.0,7.0,7.0,7.0,4.0,4.0,8.0,13.0,1.0,0
13.0,17.0,2.0,2.0,5.0,2.0,2.0,6.0,3.0,1.0,0
16.0,14.0,5.0,3.0,6.0,1.0,3.0,3.0,6.0,5.0,0
112.0,85.0,40.0,27.0,57.0,32.0,27.0,30.0,29.0,14.0,0
37.0,36.0,2.0,3.0,19.0,5.0,4.0,16.0,10.0,0.0,0
46.0,11.0,5.0,4.0,6.0,1.0,4.0,6.0,33.0,1.0,0
3.0,2.0,1.0,2.0,0.0,0.0,0.0,0.0,1.0,0.0,0
28.0,13.0,21.0,10.0,52.0,26.0,19.0,38.0,14.0,20.0,0
12.0,21.0,10.0,6.0,4.0,0.0,0.0,3.0,2.0,0.0,0
16.0,10.0,4.0,1.0,8.0,5.0,3.0,9.0,5.0,4.0,0
41.0,16.0,10.0,8.0,7.0,5.0,3.0,2.0,10.0,0.0,1
13.0,12.0,6.0,6.0,9.0,6.0,0.0,1.0,8.0,0.0,0
253.0,191.0,121.0,103.0,116.0,64.0,64.0,72.0,52.0,38.0,1
21.0,9.0,5.0,1.0,3.0,1.0,3.0,2.0,4.0,1.0,1
19.0,13.0,8.0,6.0,3.0,1.0,2.0,1.0,2.0,0.0,1
102.0,117.0,24.0,23.0,51.0,15.0,28.0,31.0,36.0,17.0,1
20.0,15.0,8.0,7.0,11.0,7.0,4.0,10.0,12.0,4.0,0
11.0,10.0,4.0,3.0,5.0,3.0,4.0,4.0,3.0,2.0,0
17.0,10.0,9.0,6.0,15.0,9.0,6.0,5.0,6.0,1.0,0
16.0,9.0,4.0,2.0,6.0,3.0,2.0,3.0,3.0,1.0,0
35.0,20.0,18.0,14.0,33.0,26.0,16.0,25.0,7.0,7.0,0
6.0,3.0,1.0,2.0,5.0,5.0,4.0,5.0,0.0,3.0,0
54.0,24.0,33.0,9.0,44.0,16.0,17.0,34.0,22.0,8.0,0
12.0,7.0,3.0,3.0,9.0,6.0,4.0,8.0,2.0,4.0,0
23.0,17.0,4.0,5.0,25.0,12.0,8.0,8.0,8.0,10.0,0
7.0,4.0,2.0,2.0,6.0,3.0,3.0,8.0,2.0,5.0,0
15.0,9.0,4.0,3.0,7.0,3.0,3.0,1.0,5.0,2.0,1
23.0,17.0,4.0,5.0,25.0,12.0,8.0,8.0,8.0,10.0,0
41.0,32.0,12.0,10.0,6.0,5.0,1.0,2.0,2.0,2.0,1
17.0,14.0,4.0,3.0,24.0,3.0,17.0,19.0,9.0,8.0,0
44.0,26.0,11.0,9.0,12.0,2.0,7.0,10.0,18.0,1.0,0
26.0,19.0,19.0,12.0,29.0,16.0,9.0,11.0,5.0,8.0,0
6.0,3.0,2.0,1.0,3.0,1.0,2.0,5.0,0.0,1.0,0
0.0,1.0,2.0,0.0,0.0,0.0,0.0,0.0,0.0,0.0,0
35.0,19.0,10.0,9.0,12.0,7.0,7.0,7.0,12.0,6.0,0
149.0,113.0,52.0,58.0,75.0,41.0,40.0,48.0,16.0,14.0,0
21.0,12.0,6.0,3.0,25.0,8.0,3.0,14.0,6.0,7.0,0
17.0,9.0,7.0,5.0,12.0,5.0,9.0,8.0,1.0,3.0,0
45.0,26.0,20.0,22.0,23.0,16.0,11.0,17.0,2.0,12.0,0
33.0,23.0,10.0,16.0,27.0,15.0,23.0,17.0,13.0,14.0,0
3.0,5.0,3.0,2.0,2.0,2.0,2.0,2.0,3.0,2.0,0
15.0,7.0,8.0,4.0,11.0,6.0,8.0,9.0,1.0,3.0,0
19.0,17.0,7.0,8.0,22.0,8.0,3.0,10.0,4.0,3.0,0
3.0,2.0,0.0,0.0,8.0,3.0,5.0,4.0,3.0,4.0,0
3.0,1.0,0.0,1.0,1.0,1.0,1.0,1.0,0.0,1.0,0
22.0,23.0,4.0,5.0,11.0,4.0,8.0,10.0,8.0,4.0,0
3.0,5.0,3.0,2.0,2.0,2.0,2.0,2.0,3.0,2.0,0
45.0,26.0,20.0,22.0,23.0,16.0,11.0,17.0,2.0,12.0,0
33.0,23.0,10.0,16.0,27.0,15.0,23.0,17.0,13.0,14.0,0
15.0,7.0,8.0,4.0,11.0,6.0,8.0,9.0,1.0,3.0,0
32.0,26.0,9.0,7.0,40.0,19.0,16.0,23.0,3.0,11.0,0
78.0,47.0,17.0,12.0,13.0,2.0,5.0,4.0,3.0,0.0,1
33.0,23.0,10.0,16.0,27.0,15.0,23.0,17.0,13.0,14.0,0
15.0,7.0,8.0,4.0,11.0,6.0,8.0,9.0,1.0,3.0,0
32.0,26.0,9.0,7.0,40.0,19.0,16.0,23.0,3.0,11.0,0
78.0,47.0,17.0,12.0,13.0,2.0,5.0,4.0,3.0,0.0,1
15.0,9.0,5.0,3.0,14.0,9.0,9.0,11.0,4.0,5.0,0
31.0,25.0,6.0,5.0,20.0,6.0,5.0,9.0,10.0,3.0,1
48.0,43.0,14.0,11.0,38.0,20.0,11.0,22.0,7.0,6.0,0
47.0,49.0,14.0,9.0,7.0,1.0,4.0,3.0,2.0,1.0,1
7.0,4.0,0.0,0.0,6.0,2.0,2.0,2.0,1.0,4.0,0
48.0,43.0,14.0,11.0,38.0,20.0,11.0,22.0,7.0,6.0,0
47.0,49.0,14.0,9.0,7.0,1.0,4.0,3.0,2.0,1.0,1
7.0,4.0,0.0,0.0,6.0,2.0,2.0,2.0,1.0,4.0,0
21.0,18.0,11.0,9.0,25.0,13.0,13.0,16.0,3.0,11.0,0
15.0,13.0,4.0,5.0,15.0,10.0,5.0,10.0,4.0,3.0,0
34.0,19.0,19.0,6.0,22.0,8.0,3.0,9.0,7.0,3.0,0
20.0,18.0,10.0,4.0,15.0,9.0,6.0,9.0,10.0,2.0,0
1.0,0.0,1.0,0.0,1.0,1.0,0.0,1.0,0.0,0.0,0
9.0,2.0,7.0,1.0,1.0,1.0,0.0,3.0,1.0,1.0,1
20.0,16.0,1.0,5.0,5.0,3.0,1.0,3.0,7.0,1.0,0
20.0,19.0,6.0,5.0,10.0,6.0,5.0,7.0,11.0,4.0,0
235.0,164.0,79.0,64.0,93.0,41.0,54.0,66.0,10.0,26.0,1
16.0,11.0,11.0,7.0,17.0,10.0,7.0,5.0,3.0,3.0,0
11.0,12.0,3.0,2.0,12.0,6.0,10.0,6.0,8.0,6.0,0
5.0,2.0,0.0,0.0,0.0,0.0,0.0,0.0,1.0,0.0,0
21.0,16.0,9.0,3.0,13.0,9.0,3.0,6.0,5.0,3.0,1
80.0,72.0,41.0,35.0,9.0,0.0,1.0,7.0,21.0,3.0,0
20.0,8.0,1.0,2.0,3.0,1.0,3.0,3.0,13.0,1.0,0
38.0,27.0,14.0,14.0,27.0,14.0,13.0,15.0,8.0,9.0,1
19.0,16.0,4.0,1.0,8.0,4.0,9.0,13.0,5.0,2.0,0
18.0,15.0,6.0,6.0,7.0,4.0,4.0,4.0,9.0,3.0,0
3.0,0.0,0.0,0.0,2.0,0.0,0.0,0.0,0.0,0.0,0
36.0,30.0,15.0,16.0,12.0,7.0,9.0,7.0,15.0,6.0,0
22.0,18.0,8.0,8.0,0.0,0.0,0.0,1.0,5.0,0.0,0
38.0,24.0,8.0,8.0,5.0,2.0,4.0,5.0,15.0,2.0,0
70.0,51.0,20.0,19.0,26.0,9.0,11.0,18.0,6.0,3.0,1
10.0,10.0,1.0,0.0,10.0,5.0,4.0,6.0,3.0,0.0,1
39.0,28.0,4.0,4.0,9.0,5.0,3.0,4.0,12.0,1.0,0
22.0,18.0,8.0,8.0,0.0,0.0,0.0,1.0,5.0,0.0,0
38.0,24.0,8.0,8.0,5.0,2.0,4.0,5.0,15.0,2.0,0
70.0,51.0,20.0,19.0,26.0,9.0,11.0,18.0,6.0,3.0,1
99.0,87.0,45.0,23.0,63.0,28.0,29.0,37.0,25.0,10.0,1
121.0,77.0,46.0,40.0,65.0,32.0,32.0,37.0,26.0,10.0,0
10.0,10.0,7.0,5.0,17.0,11.0,11.0,11.0,5.0,5.0,0
26.0,22.0,6.0,9.0,5.0,3.0,0.0,2.0,6.0,0.0,0
2.0,1.0,0.0,0.0,1.0,2.0,1.0,1.0,0.0,0.0,0
7.0,8.0,7.0,2.0,6.0,4.0,1.0,3.0,5.0,1.0,0
13.0,8.0,4.0,4.0,15.0,8.0,11.0,13.0,4.0,6.0,0
29.0,21.0,9.0,13.0,27.0,15.0,24.0,17.0,12.0,15.0,0
26.0,24.0,12.0,6.0,23.0,12.0,11.0,20.0,20.0,9.0,0
1.0,0.0,1.0,0.0,3.0,2.0,0.0,0.0,0.0,0.0,0
9.0,4.0,3.0,4.0,6.0,6.0,3.0,1.0,3.0,0.0,1
11.0,10.0,5.0,1.0,12.0,8.0,7.0,10.0,4.0,4.0,0
21.0,17.0,7.0,6.0,13.0,4.0,6.0,7.0,17.0,4.0,0
9.0,12.0,2.0,1.0,5.0,1.0,0.0,1.0,3.0,0.0,1
23.0,22.0,11.0,7.0,28.0,14.0,15.0,35.0,9.0,9.0,0
379.0,360.0,197.0,97.0,397.0,232.0,316.0,359.0,119.0,130.0,0
5.0,1.0,0.0,0.0,0.0,0.0,0.0,0.0,1.0,0.0,0
9.0,12.0,2.0,1.0,5.0,1.0,0.0,1.0,3.0,0.0,1
23.0,22.0,11.0,7.0,28.0,14.0,15.0,35.0,9.0,9.0,0
379.0,360.0,197.0,97.0,397.0,232.0,316.0,359.0,119.0,130.0,0
20.0,17.0,4.0,5.0,12.0,4.0,6.0,6.0,3.0,1.0,1
52.0,43.0,24.0,16.0,17.0,4.0,5.0,10.0,14.0,1.0,1
7.0,11.0,4.0,2.0,15.0,7.0,7.0,13.0,11.0,3.0,0
2.0,1.0,0.0,0.0,1.0,0.0,1.0,0.0,0.0,1.0,0
46.0,38.0,11.0,5.0,6.0,3.0,4.0,5.0,4.0,0.0,1
0.0,0.0,0.0,0.0,0.0,0.0,0.0,0.0,0.0,0.0,0
11.0,10.0,7.0,3.0,13.0,8.0,1.0,6.0,5.0,1.0,0
0.0,0.0,0.0,0.0,0.0,0.0,0.0,0.0,0.0,0.0,0
11.0,10.0,7.0,3.0,13.0,8.0,1.0,6.0,5.0,1.0,0
18.0,14.0,6.0,1.0,22.0,9.0,6.0,7.0,12.0,1.0,0
19.0,13.0,10.0,5.0,14.0,7.0,10.0,9.0,8.0,5.0,0
25.0,23.0,14.0,7.0,37.0,26.0,10.0,22.0,19.0,7.0,1
25.0,19.0,11.0,9.0,16.0,13.0,6.0,7.0,9.0,4.0,0
1.0,1.0,0.0,0.0,0.0,0.0,0.0,0.0,0.0,0.0,0
16.0,14.0,11.0,5.0,18.0,13.0,4.0,8.0,4.0,2.0,1
20.0,18.0,5.0,3.0,14.0,4.0,12.0,21.0,8.0,4.0,0
9.0,4.0,4.0,2.0,8.0,6.0,1.0,3.0,3.0,2.0,0
29.0,28.0,12.0,7.0,16.0,8.0,5.0,12.0,15.0,7.0,0
9.0,4.0,4.0,2.0,8.0,6.0,1.0,3.0,3.0,2.0,0
44.0,35.0,26.0,23.0,19.0,12.0,1.0,4.0,23.0,1.0,0
12.0,14.0,4.0,4.0,7.0,0.0,0.0,1.0,2.0,0.0,1
10.0,6.0,7.0,2.0,17.0,11.0,5.0,10.0,5.0,3.0,1
31.0,22.0,5.0,5.0,8.0,3.0,1.0,2.0,3.0,0.0,1
27.0,18.0,7.0,7.0,13.0,6.0,5.0,7.0,6.0,6.0,1
20.0,17.0,4.0,3.0,10.0,9.0,4.0,5.0,7.0,4.0,0
11.0,8.0,1.0,3.0,7.0,1.0,0.0,2.0,8.0,0.0,0
38.0,31.0,18.0,18.0,16.0,10.0,10.0,14.0,9.0,1.0,1
75.0,59.0,35.0,12.0,39.0,9.0,12.0,19.0,16.0,4.0,1
11.0,7.0,4.0,1.0,12.0,5.0,4.0,6.0,4.0,1.0,1
1.0,1.0,1.0,0.0,1.0,1.0,0.0,1.0,1.0,0.0,0
38.0,31.0,18.0,18.0,16.0,10.0,10.0,14.0,9.0,1.0,1
30.0,14.0,12.0,2.0,7.0,3.0,4.0,1.0,10.0,2.0,0
19.0,9.0,4.0,3.0,17.0,12.0,2.0,4.0,3.0,2.0,0
34.0,30.0,19.0,12.0,30.0,14.0,19.0,12.0,10.0,8.0,1
9.0,3.0,0.0,0.0,17.0,10.0,7.0,6.0,2.0,5.0,0
28.0,17.0,7.0,3.0,7.0,4.0,2.0,2.0,10.0,2.0,0
29.0,20.0,6.0,2.0,4.0,1.0,2.0,4.0,14.0,0.0,0
24.0,22.0,4.0,1.0,9.0,3.0,10.0,11.0,5.0,3.0,0
15.0,13.0,7.0,7.0,5.0,2.0,1.0,5.0,9.0,1.0,0
20.0,24.0,10.0,7.0,24.0,10.0,8.0,13.0,15.0,5.0,1
61.0,63.0,26.0,5.0,94.0,27.0,71.0,100.0,3.0,22.0,0
32.0,24.0,11.0,9.0,2.0,1.0,1.0,5.0,11.0,0.0,0
39.0,21.0,11.0,7.0,3.0,0.0,1.0,0.0,4.0,0.0,1
18.0,18.0,5.0,3.0,8.0,4.0,2.0,6.0,5.0,1.0,1
31.0,15.0,15.0,2.0,10.0,5.0,0.0,5.0,9.0,1.0,0
14.0,7.0,5.0,2.0,3.0,1.0,2.0,1.0,1.0,0.0,1
52.0,43.0,29.0,11.0,31.0,16.0,17.0,16.0,17.0,4.0,0
14.0,7.0,5.0,2.0,3.0,1.0,2.0,1.0,1.0,0.0,1
52.0,43.0,29.0,11.0,31.0,16.0,17.0,16.0,17.0,4.0,0
1.0,0.0,1.0,0.0,0.0,0.0,0.0,0.0,0.0,0.0,0
22.0,17.0,8.0,4.0,6.0,0.0,5.0,8.0,4.0,0.0,0
19.0,9.0,14.0,5.0,18.0,10.0,10.0,3.0,7.0,3.0,0
0.0,0.0,1.0,0.0,1.0,1.0,0.0,1.0,0.0,0.0,0
831.0,455.0,291.0,215.0,372.0,179.0,139.0,185.0,102.0,70.0,1
12.0,9.0,1.0,2.0,13.0,3.0,5.0,8.0,1.0,2.0,0
24.0,18.0,5.0,5.0,12.0,7.0,6.0,8.0,5.0,2.0,0
13.0,10.0,10.0,6.0,5.0,3.0,4.0,10.0,6.0,3.0,0
2.0,1.0,0.0,1.0,2.0,2.0,2.0,3.0,0.0,2.0,0
27.0,26.0,17.0,6.0,13.0,9.0,7.0,3.0,14.0,2.0,0
10.0,8.0,6.0,6.0,3.0,2.0,0.0,1.0,1.0,1.0,1
12.0,9.0,1.0,2.0,13.0,3.0,5.0,8.0,1.0,2.0,0
24.0,18.0,5.0,5.0,12.0,7.0,6.0,8.0,5.0,2.0,0
13.0,10.0,10.0,6.0,5.0,3.0,4.0,10.0,6.0,3.0,0
73.0,42.0,19.0,12.0,16.0,2.0,3.0,6.0,9.0,1.0,1
32.0,26.0,18.0,18.0,38.0,16.0,28.0,30.0,7.0,9.0,1
19.0,17.0,3.0,3.0,19.0,9.0,13.0,22.0,8.0,8.0,0
46.0,41.0,25.0,23.0,47.0,11.0,11.0,28.0,20.0,6.0,0
19.0,17.0,3.0,3.0,19.0,9.0,13.0,22.0,8.0,8.0,0
46.0,41.0,25.0,23.0,47.0,11.0,11.0,28.0,20.0,6.0,0
20.0,19.0,3.0,7.0,16.0,7.0,5.0,10.0,6.0,5.0,1
13.0,12.0,5.0,2.0,8.0,1.0,2.0,2.0,3.0,2.0,0
20.0,23.0,10.0,5.0,28.0,7.0,6.0,14.0,4.0,4.0,0
4.0,5.0,3.0,2.0,5.0,4.0,5.0,3.0,2.0,2.0,0
18.0,15.0,5.0,8.0,7.0,3.0,4.0,6.0,3.0,1.0,0
22.0,27.0,7.0,8.0,20.0,8.0,6.0,12.0,9.0,3.0,0
3.0,3.0,0.0,0.0,2.0,1.0,0.0,2.0,0.0,0.0,0
14.0,5.0,6.0,2.0,12.0,6.0,5.0,6.0,6.0,3.0,1
20.0,12.0,4.0,6.0,18.0,8.0,6.0,11.0,5.0,7.0,0
17.0,23.0,4.0,2.0,7.0,2.0,2.0,5.0,7.0,0.0,0
24.0,29.0,4.0,6.0,5.0,1.0,1.0,4.0,6.0,1.0,0
18.0,24.0,4.0,5.0,9.0,2.0,3.0,6.0,8.0,1.0,0
14.0,10.0,6.0,3.0,7.0,5.0,4.0,5.0,4.0,0.0,1
13.0,19.0,2.0,4.0,8.0,3.0,2.0,3.0,3.0,0.0,0
23.0,11.0,9.0,10.0,11.0,2.0,8.0,7.0,2.0,3.0,0
35.0,15.0,11.0,7.0,16.0,4.0,12.0,13.0,4.0,3.0,1
21.0,11.0,8.0,4.0,4.0,2.0,2.0,4.0,2.0,2.0,1
19.0,19.0,4.0,6.0,7.0,7.0,3.0,4.0,8.0,3.0,0
16.0,18.0,2.0,3.0,10.0,6.0,6.0,7.0,9.0,1.0,0
30.0,18.0,6.0,7.0,9.0,7.0,2.0,6.0,5.0,2.0,1
37.0,10.0,18.0,6.0,25.0,10.0,10.0,18.0,9.0,4.0,0
24.0,12.0,7.0,3.0,8.0,3.0,6.0,5.0,5.0,1.0,1
23.0,11.0,9.0,10.0,11.0,2.0,8.0,7.0,2.0,3.0,0
35.0,15.0,11.0,7.0,16.0,4.0,12.0,13.0,4.0,3.0,1
21.0,11.0,8.0,4.0,4.0,2.0,2.0,4.0,2.0,2.0,1
19.0,19.0,4.0,6.0,7.0,7.0,3.0,4.0,8.0,3.0,0
2.0,1.0,0.0,0.0,5.0,2.0,1.0,3.0,1.0,2.0,0
6.0,4.0,2.0,2.0,2.0,2.0,1.0,1.0,3.0,0.0,0
42.0,34.0,19.0,10.0,26.0,15.0,10.0,19.0,21.0,8.0,0
12.0,9.0,3.0,1.0,3.0,1.0,1.0,7.0,2.0,2.0,0
8.0,4.0,4.0,0.0,10.0,5.0,2.0,9.0,1.0,2.0,1
11.0,12.0,3.0,2.0,3.0,1.0,0.0,1.0,1.0,0.0,1
21.0,13.0,6.0,4.0,8.0,3.0,3.0,6.0,9.0,2.0,0
111.0,49.0,36.0,21.0,47.0,10.0,9.0,25.0,7.0,11.0,0
16.0,13.0,3.0,3.0,14.0,5.0,7.0,9.0,8.0,3.0,0
96.0,57.0,19.0,34.0,42.0,17.0,17.0,29.0,15.0,17.0,1
672.0,460.0,260.0,206.0,491.0,248.0,155.0,191.0,97.0,77.0,0
1.0,0.0,0.0,1.0,4.0,2.0,0.0,0.0,1.0,0.0,0
11.0,9.0,4.0,5.0,9.0,6.0,3.0,6.0,4.0,1.0,1
96.0,57.0,19.0,34.0,42.0,17.0,17.0,29.0,15.0,17.0,1
672.0,460.0,260.0,206.0,491.0,248.0,155.0,191.0,97.0,77.0,0
1.0,0.0,0.0,1.0,4.0,2.0,0.0,0.0,1.0,0.0,0
11.0,9.0,3.0,3.0,4.0,2.0,1.0,1.0,2.0,3.0,0
42.0,33.0,14.0,13.0,10.0,6.0,1.0,7.0,9.0,2.0,1
1263.0,617.0,394.0,304.0,528.0,282.0,135.0,186.0,103.0,89.0,1
978.0,515.0,375.0,283.0,506.0,295.0,253.0,317.0,112.0,93.0,1
28.0,17.0,6.0,5.0,22.0,7.0,15.0,19.0,7.0,5.0,0
3.0,1.0,0.0,0.0,1.0,0.0,0.0,2.0,0.0,0.0,0
45.0,55.0,18.0,8.0,16.0,4.0,3.0,8.0,9.0,4.0,1
13.0,8.0,5.0,2.0,9.0,10.0,3.0,7.0,3.0,0.0,1
19.0,21.0,5.0,4.0,26.0,10.0,14.0,14.0,5.0,4.0,0
978.0,515.0,375.0,283.0,506.0,295.0,253.0,317.0,112.0,93.0,1
28.0,17.0,6.0,5.0,22.0,7.0,15.0,19.0,7.0,5.0,0
3.0,1.0,0.0,0.0,1.0,0.0,0.0,2.0,0.0,0.0,0
22.0,27.0,4.0,6.0,17.0,6.0,9.0,12.0,11.0,2.0,0
22.0,22.0,5.0,1.0,2.0,1.0,0.0,0.0,1.0,1.0,1
26.0,18.0,11.0,4.0,11.0,2.0,3.0,5.0,5.0,4.0,0
6.0,5.0,4.0,2.0,3.0,3.0,2.0,3.0,5.0,0.0,0
26.0,18.0,11.0,4.0,11.0,2.0,3.0,5.0,5.0,4.0,0
6.0,5.0,4.0,2.0,3.0,3.0,2.0,3.0,5.0,0.0,0
1.0,3.0,0.0,0.0,1.0,0.0,0.0,2.0,0.0,0.0,0
0.0,0.0,1.0,0.0,0.0,0.0,0.0,0.0,0.0,0.0,0
34.0,20.0,12.0,7.0,18.0,11.0,7.0,12.0,6.0,4.0,0
21.0,25.0,4.0,6.0,12.0,3.0,7.0,12.0,11.0,2.0,0
0.0,0.0,0.0,0.0,0.0,0.0,0.0,0.0,0.0,0.0,0
2.0,2.0,2.0,0.0,1.0,0.0,0.0,1.0,0.0,0.0,0
6.0,9.0,2.0,2.0,5.0,2.0,3.0,7.0,0.0,2.0,1
24.0,22.0,9.0,8.0,13.0,5.0,6.0,11.0,13.0,3.0,0
0.0,0.0,0.0,0.0,0.0,0.0,0.0,0.0,0.0,0.0,0
23.0,17.0,6.0,3.0,22.0,13.0,5.0,10.0,7.0,6.0,1
3.0,2.0,0.0,0.0,5.0,1.0,1.0,2.0,1.0,0.0,0
36.0,28.0,12.0,7.0,41.0,19.0,15.0,24.0,4.0,12.0,0
29.0,26.0,11.0,7.0,8.0,6.0,6.0,7.0,12.0,3.0,0
13.0,17.0,2.0,2.0,5.0,2.0,2.0,5.0,5.0,0.0,0
22.0,11.0,10.0,9.0,13.0,8.0,10.0,12.0,6.0,3.0,0
12.0,7.0,3.0,3.0,1.0,0.0,0.0,1.0,5.0,0.0,0
17.0,20.0,6.0,2.0,16.0,7.0,3.0,6.0,2.0,3.0,1
46.0,46.0,6.0,4.0,3.0,1.0,12.0,17.0,13.0,0.0,0
46.0,46.0,6.0,4.0,3.0,1.0,12.0,17.0,13.0,0.0,0
2.0,3.0,2.0,2.0,2.0,0.0,1.0,1.0,2.0,0.0,0
19.0,21.0,4.0,5.0,12.0,3.0,2.0,5.0,2.0,3.0,1
0.0,0.0,0.0,0.0,0.0,0.0,0.0,0.0,0.0,0.0,0
27.0,21.0,4.0,0.0,14.0,4.0,2.0,5.0,1.0,2.0,1
15.0,9.0,5.0,1.0,3.0,1.0,2.0,3.0,6.0,1.0,0
19.0,16.0,2.0,2.0,1.0,1.0,0.0,0.0,1.0,0.0,1
31.0,19.0,10.0,9.0,11.0,8.0,5.0,12.0,8.0,7.0,0
27.0,17.0,5.0,5.0,3.0,3.0,2.0,3.0,8.0,0.0,0
40.0,51.0,6.0,6.0,18.0,8.0,9.0,21.0,22.0,3.0,0
21.0,18.0,3.0,5.0,16.0,6.0,6.0,15.0,5.0,2.0,0
12.0,8.0,3.0,5.0,5.0,5.0,2.0,3.0,4.0,1.0,0
6.0,8.0,1.0,2.0,2.0,1.0,1.0,2.0,1.0,0.0,1
14.0,16.0,5.0,1.0,12.0,4.0,2.0,6.0,8.0,1.0,1
14.0,17.0,4.0,2.0,13.0,5.0,4.0,3.0,7.0,3.0,1
50.0,55.0,10.0,9.0,2.0,0.0,3.0,2.0,6.0,0.0,1
21.0,10.0,10.0,3.0,4.0,1.0,1.0,6.0,3.0,0.0,1
13.0,10.0,4.0,3.0,9.0,4.0,5.0,8.0,4.0,4.0,1
1.0,1.0,0.0,0.0,1.0,0.0,1.0,1.0,0.0,0.0,0
15.0,11.0,7.0,4.0,15.0,11.0,2.0,4.0,4.0,2.0,0
23.0,20.0,12.0,12.0,1.0,1.0,2.0,1.0,14.0,1.0,0
527.0,233.0,215.0,190.0,113.0,81.0,38.0,53.0,28.0,14.0,1
41.0,35.0,16.0,12.0,21.0,7.0,7.0,23.0,14.0,4.0,0
8.0,12.0,4.0,2.0,7.0,1.0,3.0,5.0,3.0,1.0,0
6.0,2.0,0.0,1.0,8.0,6.0,4.0,6.0,2.0,5.0,0
14.0,13.0,3.0,3.0,8.0,4.0,5.0,4.0,2.0,1.0,1
13.0,10.0,7.0,2.0,7.0,3.0,2.0,4.0,3.0,2.0,1
33.0,23.0,7.0,5.0,15.0,6.0,7.0,9.0,9.0,1.0,0
36.0,35.0,22.0,4.0,31.0,12.0,7.0,19.0,9.0,7.0,1
14.0,17.0,4.0,2.0,13.0,5.0,4.0,3.0,7.0,3.0,1
13.0,10.0,7.0,2.0,7.0,3.0,2.0,4.0,3.0,2.0,1
2.0,1.0,2.0,1.0,1.0,0.0,2.0,2.0,1.0,0.0,0
59.0,44.0,14.0,13.0,49.0,19.0,14.0,22.0,14.0,15.0,1
43.0,32.0,11.0,9.0,42.0,10.0,19.0,21.0,9.0,6.0,1
21.0,11.0,10.0,6.0,13.0,4.0,5.0,12.0,2.0,2.0,0
24.0,24.0,3.0,3.0,14.0,5.0,8.0,16.0,3.0,6.0,0
19.0,19.0,6.0,7.0,11.0,8.0,9.0,12.0,4.0,6.0,0
15.0,16.0,3.0,3.0,9.0,5.0,4.0,11.0,6.0,1.0,0
47.0,49.0,10.0,6.0,7.0,2.0,5.0,4.0,1.0,3.0,1
19.0,18.0,9.0,5.0,16.0,4.0,7.0,9.0,9.0,4.0,1
37.0,33.0,10.0,3.0,23.0,8.0,12.0,20.0,12.0,8.0,0
19.0,18.0,9.0,5.0,16.0,4.0,7.0,9.0,9.0,4.0,1
115.0,137.0,22.0,15.0,74.0,16.0,41.0,81.0,21.0,21.0,0
13.0,11.0,6.0,5.0,9.0,2.0,3.0,2.0,5.0,6.0,0
5.0,2.0,3.0,1.0,4.0,3.0,1.0,2.0,2.0,1.0,0
62.0,51.0,20.0,18.0,19.0,8.0,12.0,22.0,18.0,6.0,0
59.0,43.0,23.0,33.0,23.0,8.0,12.0,15.0,12.0,18.0,1
14.0,10.0,13.0,1.0,16.0,10.0,6.0,16.0,5.0,6.0,1
13.0,15.0,4.0,2.0,15.0,7.0,10.0,19.0,5.0,6.0,0
29.0,16.0,21.0,18.0,27.0,22.0,8.0,6.0,22.0,1.0,0
22.0,11.0,7.0,3.0,28.0,9.0,4.0,17.0,6.0,9.0,0
7.0,5.0,2.0,2.0,6.0,0.0,3.0,2.0,3.0,1.0,1
14.0,10.0,13.0,1.0,16.0,10.0,6.0,16.0,5.0,6.0,1
13.0,15.0,4.0,2.0,15.0,7.0,10.0,19.0,5.0,6.0,0
29.0,16.0,21.0,18.0,27.0,22.0,8.0,6.0,22.0,1.0,0
12.0,15.0,0.0,2.0,5.0,2.0,3.0,7.0,4.0,2.0,0
10.0,6.0,3.0,1.0,15.0,3.0,8.0,4.0,3.0,0.0,1
20.0,12.0,9.0,12.0,6.0,5.0,0.0,1.0,10.0,0.0,0
0.0,0.0,0.0,0.0,1.0,0.0,1.0,1.0,0.0,1.0,0
16.0,11.0,4.0,3.0,15.0,7.0,7.0,9.0,6.0,5.0,1
16.0,19.0,12.0,3.0,17.0,9.0,8.0,7.0,14.0,2.0,1
8.0,6.0,10.0,0.0,5.0,2.0,6.0,7.0,2.0,1.0,1
46.0,25.0,12.0,13.0,18.0,6.0,4.0,11.0,9.0,4.0,0
0.0,0.0,1.0,0.0,0.0,0.0,0.0,0.0,0.0,0.0,0
6.0,6.0,1.0,0.0,2.0,0.0,0.0,1.0,5.0,0.0,0
21.0,16.0,5.0,8.0,12.0,3.0,1.0,7.0,7.0,1.0,0
15.0,11.0,3.0,4.0,5.0,3.0,3.0,5.0,1.0,2.0,0
132.0,120.0,27.0,16.0,62.0,15.0,16.0,35.0,11.0,7.0,0
18.0,21.0,4.0,3.0,9.0,2.0,7.0,13.0,10.0,4.0,0
255.0,184.0,71.0,42.0,112.0,45.0,52.0,60.0,19.0,49.0,0
8.0,8.0,1.0,3.0,8.0,3.0,6.0,6.0,4.0,3.0,0
44.0,34.0,14.0,11.0,22.0,11.0,11.0,14.0,18.0,5.0,0
15.0,13.0,2.0,0.0,16.0,6.0,3.0,5.0,6.0,3.0,0
0.0,0.0,1.0,0.0,1.0,1.0,0.0,1.0,0.0,0.0,0
13.0,6.0,5.0,1.0,11.0,6.0,2.0,7.0,1.0,5.0,1
12.0,11.0,5.0,0.0,7.0,3.0,5.0,6.0,2.0,1.0,1
16.0,10.0,12.0,1.0,18.0,16.0,19.0,17.0,8.0,9.0,0
22.0,15.0,11.0,5.0,27.0,22.0,7.0,9.0,8.0,2.0,0
218.0,193.0,166.0,108.0,330.0,239.0,82.0,42.0,65.0,9.0,0
16.0,18.0,2.0,3.0,4.0,0.0,1.0,7.0,7.0,2.0,0
8.0,8.0,1.0,3.0,8.0,3.0,6.0,6.0,4.0,3.0,0
44.0,34.0,14.0,11.0,22.0,11.0,11.0,14.0,18.0,5.0,0
31.0,25.0,11.0,12.0,17.0,8.0,6.0,13.0,8.0,0.0,0
30.0,24.0,12.0,8.0,17.0,12.0,16.0,16.0,8.0,7.0,0
65.0,33.0,27.0,20.0,22.0,4.0,2.0,14.0,4.0,1.0,0
31.0,27.0,15.0,15.0,9.0,6.0,6.0,4.0,12.0,2.0,0
123.0,86.0,44.0,29.0,100.0,46.0,50.0,56.0,14.0,21.0,0
3.0,2.0,2.0,1.0,0.0,0.0,0.0,0.0,0.0,0.0,0
4.0,5.0,4.0,0.0,8.0,4.0,3.0,3.0,1.0,2.0,0
22.0,23.0,0.0,0.0,0.0,0.0,0.0,1.0,0.0,0.0,1
4.0,5.0,4.0,0.0,8.0,4.0,3.0,3.0,1.0,2.0,0
18.0,15.0,4.0,3.0,14.0,4.0,2.0,2.0,6.0,2.0,1
235.0,153.0,102.0,52.0,124.0,38.0,38.0,96.0,27.0,36.0,1
181.0,90.0,75.0,59.0,82.0,35.0,37.0,44.0,32.0,24.0,1
12.0,7.0,3.0,1.0,7.0,2.0,2.0,2.0,4.0,2.0,1
31.0,26.0,13.0,9.0,16.0,9.0,8.0,6.0,3.0,1.0,0
21.0,18.0,1.0,2.0,26.0,10.0,16.0,20.0,11.0,4.0,0
40.0,39.0,8.0,10.0,18.0,8.0,14.0,30.0,9.0,5.0,0
27.0,28.0,8.0,5.0,3.0,2.0,2.0,2.0,1.0,1.0,1
6.0,6.0,1.0,0.0,4.0,0.0,1.0,0.0,1.0,2.0,0
1.0,1.0,0.0,0.0,1.0,0.0,1.0,0.0,1.0,0.0,0
17.0,15.0,3.0,1.0,2.0,0.0,0.0,0.0,0.0,1.0,1
0.0,0.0,0.0,0.0,3.0,0.0,1.0,2.0,1.0,0.0,0
12.0,7.0,2.0,4.0,13.0,7.0,5.0,9.0,9.0,1.0,0
19.0,14.0,6.0,5.0,13.0,6.0,9.0,8.0,5.0,4.0,0
81.0,72.0,33.0,15.0,27.0,19.0,19.0,13.0,17.0,1.0,1
2.0,2.0,0.0,0.0,1.0,0.0,1.0,3.0,0.0,1.0,0
17.0,21.0,4.0,6.0,1.0,0.0,1.0,2.0,4.0,0.0,0
28.0,28.0,9.0,6.0,11.0,4.0,5.0,3.0,8.0,0.0,0
52.0,34.0,9.0,6.0,12.0,1.0,4.0,7.0,5.0,3.0,1
1.0,1.0,1.0,1.0,2.0,2.0,2.0,1.0,1.0,0.0,0
10.0,9.0,5.0,4.0,2.0,0.0,2.0,4.0,4.0,1.0,0
17.0,14.0,4.0,3.0,2.0,1.0,2.0,0.0,2.0,1.0,1
1.0,0.0,0.0,0.0,0.0,0.0,0.0,0.0,0.0,0.0,0
7.0,4.0,3.0,2.0,1.0,0.0,1.0,2.0,2.0,0.0,0
60.0,50.0,17.0,13.0,4.0,2.0,4.0,4.0,1.0,0.0,1
1.0,0.0,0.0,1.0,1.0,0.0,0.0,0.0,0.0,0.0,0
19.0,14.0,10.0,10.0,5.0,3.0,3.0,6.0,9.0,1.0,0
1.0,1.0,0.0,0.0,0.0,0.0,0.0,1.0,0.0,0.0,0
67.0,55.0,18.0,16.0,11.0,8.0,8.0,9.0,11.0,3.0,1
67.0,55.0,18.0,16.0,11.0,8.0,8.0,9.0,11.0,3.0,1
3.0,3.0,0.0,0.0,0.0,0.0,0.0,2.0,0.0,0.0,0
51.0,36.0,15.0,7.0,9.0,2.0,5.0,1.0,3.0,1.0,1
92.0,73.0,33.0,26.0,9.0,4.0,3.0,10.0,9.0,1.0,1
2.0,1.0,0.0,0.0,0.0,0.0,0.0,0.0,0.0,0.0,0
38.0,26.0,10.0,12.0,9.0,5.0,8.0,5.0,14.0,5.0,1
9.0,7.0,4.0,3.0,10.0,7.0,4.0,5.0,3.0,3.0,0
47.0,31.0,17.0,10.0,9.0,2.0,3.0,3.0,4.0,0.0,1
68.0,62.0,23.0,14.0,13.0,8.0,9.0,5.0,11.0,3.0,1
1.0,1.0,0.0,0.0,1.0,0.0,1.0,2.0,0.0,0.0,0
19.0,13.0,8.0,7.0,10.0,4.0,2.0,3.0,6.0,0.0,0
11.0,4.0,4.0,0.0,6.0,3.0,4.0,5.0,2.0,1.0,0
0.0,0.0,0.0,0.0,1.0,1.0,0.0,0.0,0.0,0.0,0
0.0,0.0,1.0,0.0,0.0,0.0,0.0,0.0,0.0,0.0,0
68.0,39.0,18.0,6.0,31.0,16.0,15.0,22.0,7.0,11.0,1
23.0,24.0,10.0,9.0,3.0,2.0,2.0,0.0,4.0,0.0,1
37.0,31.0,12.0,6.0,2.0,1.0,3.0,3.0,2.0,1.0,1
4.0,4.0,2.0,3.0,0.0,0.0,0.0,0.0,2.0,0.0,0
4.0,4.0,0.0,0.0,0.0,0.0,0.0,1.0,0.0,0.0,0
10.0,9.0,4.0,2.0,5.0,3.0,6.0,3.0,5.0,1.0,0
35.0,35.0,11.0,7.0,8.0,1.0,6.0,4.0,10.0,1.0,0
3.0,1.0,0.0,0.0,0.0,0.0,0.0,0.0,1.0,0.0,0
14.0,7.0,3.0,2.0,4.0,1.0,1.0,2.0,3.0,0.0,0
0.0,0.0,0.0,0.0,0.0,0.0,0.0,0.0,0.0,0.0,0
7.0,6.0,3.0,2.0,10.0,0.0,4.0,4.0,2.0,3.0,0
10.0,4.0,3.0,1.0,2.0,2.0,0.0,2.0,8.0,1.0,0
17.0,9.0,2.0,2.0,4.0,3.0,2.0,2.0,5.0,1.0,0
2.0,0.0,0.0,0.0,1.0,0.0,0.0,0.0,0.0,0.0,0
19.0,11.0,4.0,2.0,4.0,4.0,2.0,5.0,5.0,0.0,1
0.0,0.0,0.0,0.0,0.0,0.0,0.0,0.0,0.0,0.0,0
27.0,20.0,3.0,3.0,3.0,3.0,3.0,4.0,3.0,1.0,1
6.0,4.0,1.0,1.0,5.0,2.0,2.0,6.0,3.0,2.0,0
22.0,18.0,6.0,7.0,3.0,0.0,0.0,1.0,9.0,0.0,0
15.0,9.0,3.0,6.0,1.0,1.0,1.0,0.0,5.0,0.0,0
2.0,1.0,1.0,0.0,4.0,3.0,0.0,3.0,2.0,2.0,0
77.0,63.0,37.0,14.0,26.0,8.0,15.0,16.0,9.0,6.0,1
9.0,8.0,1.0,0.0,3.0,3.0,2.0,4.0,1.0,1.0,0
17.0,14.0,7.0,4.0,9.0,3.0,7.0,3.0,4.0,2.0,1
4.0,5.0,2.0,1.0,10.0,9.0,4.0,7.0,2.0,3.0,0
16.0,12.0,4.0,3.0,1.0,0.0,0.0,0.0,1.0,0.0,1
13.0,8.0,0.0,1.0,1.0,0.0,1.0,0.0,0.0,0.0,1
10.0,11.0,3.0,5.0,6.0,3.0,6.0,5.0,3.0,2.0,0
9.0,9.0,5.0,4.0,12.0,4.0,6.0,4.0,4.0,3.0,0
13.0,11.0,7.0,2.0,10.0,7.0,5.0,6.0,9.0,3.0,0
167.0,131.0,65.0,49.0,125.0,68.0,65.0,73.0,28.0,32.0,1
18.0,17.0,8.0,5.0,29.0,17.0,15.0,18.0,2.0,5.0,1
11.0,11.0,4.0,2.0,7.0,6.0,8.0,8.0,8.0,2.0,0
41.0,33.0,18.0,12.0,46.0,29.0,27.0,29.0,6.0,10.0,1
19.0,14.0,5.0,4.0,3.0,2.0,2.0,2.0,4.0,1.0,1
12.0,13.0,5.0,4.0,8.0,1.0,5.0,2.0,7.0,2.0,0
28.0,24.0,4.0,3.0,8.0,1.0,3.0,2.0,2.0,2.0,1
25.0,20.0,5.0,5.0,4.0,1.0,1.0,1.0,1.0,0.0,1
4.0,5.0,0.0,0.0,4.0,0.0,2.0,2.0,3.0,0.0,0
12.0,9.0,4.0,1.0,5.0,3.0,1.0,6.0,3.0,0.0,0
47.0,36.0,10.0,10.0,11.0,3.0,6.0,5.0,5.0,1.0,1
27.0,26.0,17.0,8.0,9.0,5.0,4.0,6.0,3.0,1.0,1
4.0,3.0,3.0,2.0,6.0,5.0,2.0,0.0,1.0,1.0,0
13.0,11.0,3.0,2.0,7.0,5.0,5.0,7.0,1.0,1.0,1
48.0,40.0,10.0,12.0,6.0,0.0,0.0,1.0,5.0,0.0,1
9.0,8.0,1.0,0.0,6.0,2.0,2.0,3.0,0.0,1.0,1
48.0,39.0,10.0,3.0,13.0,3.0,11.0,12.0,5.0,1.0,1
16.0,12.0,8.0,4.0,4.0,2.0,3.0,5.0,3.0,0.0,0
45.0,29.0,9.0,4.0,14.0,3.0,6.0,10.0,6.0,5.0,1
2.0,2.0,0.0,0.0,5.0,3.0,3.0,2.0,3.0,2.0,0
32.0,24.0,2.0,2.0,8.0,2.0,7.0,6.0,3.0,1.0,1
29.0,25.0,10.0,12.0,18.0,8.0,7.0,9.0,9.0,2.0,1
18.0,14.0,2.0,1.0,0.0,0.0,0.0,0.0,0.0,1.0,1
22.0,14.0,6.0,3.0,6.0,2.0,3.0,3.0,2.0,2.0,1
18.0,17.0,4.0,5.0,6.0,2.0,0.0,2.0,8.0,0.0,0
8.0,9.0,3.0,0.0,6.0,0.0,1.0,5.0,2.0,1.0,0
41.0,28.0,18.0,8.0,10.0,5.0,3.0,4.0,1.0,1.0,1
16.0,14.0,2.0,2.0,0.0,0.0,0.0,0.0,2.0,0.0,0
53.0,43.0,19.0,17.0,6.0,3.0,3.0,6.0,8.0,1.0,1
64.0,47.0,22.0,11.0,37.0,14.0,23.0,23.0,2.0,5.0,1
103.0,102.0,31.0,8.0,26.0,5.0,6.0,10.0,4.0,4.0,1
5.0,1.0,0.0,0.0,1.0,0.0,0.0,1.0,2.0,1.0,0
16.0,14.0,5.0,1.0,14.0,4.0,4.0,6.0,3.0,2.0,1
49.0,38.0,8.0,8.0,14.0,3.0,3.0,7.0,2.0,1.0,1
94.0,62.0,19.0,23.0,16.0,8.0,11.0,11.0,5.0,7.0,1
26.0,27.0,5.0,5.0,3.0,1.0,1.0,1.0,2.0,1.0,1
22.0,13.0,4.0,3.0,2.0,2.0,0.0,0.0,1.0,0.0,1
17.0,13.0,2.0,2.0,9.0,2.0,4.0,5.0,2.0,0.0,1
77.0,66.0,20.0,9.0,22.0,11.0,7.0,8.0,8.0,6.0,1
41.0,32.0,10.0,10.0,19.0,8.0,9.0,12.0,7.0,5.0,1
97.0,58.0,45.0,37.0,21.0,9.0,9.0,17.0,14.0,4.0,1
75.0,54.0,25.0,10.0,28.0,12.0,11.0,25.0,16.0,6.0,1
50.0,44.0,15.0,9.0,12.0,1.0,3.0,5.0,4.0,1.0,1
14.0,13.0,3.0,2.0,7.0,3.0,0.0,2.0,3.0,0.0,0
58.0,38.0,19.0,17.0,31.0,15.0,17.0,20.0,15.0,10.0,1
59.0,43.0,25.0,22.0,17.0,5.0,6.0,9.0,19.0,0.0,1
58.0,43.0,15.0,18.0,25.0,11.0,12.0,12.0,13.0,10.0,1
46.0,33.0,5.0,6.0,9.0,1.0,5.0,5.0,3.0,4.0,1
38.0,30.0,8.0,5.0,18.0,6.0,6.0,6.0,8.0,2.0,1
58.0,38.0,19.0,17.0,31.0,15.0,17.0,20.0,15.0,10.0,1
24.0,22.0,5.0,7.0,22.0,10.0,12.0,14.0,5.0,8.0,1
15.0,10.0,9.0,5.0,9.0,5.0,4.0,2.0,4.0,1.0,1
30.0,21.0,7.0,8.0,6.0,5.0,0.0,2.0,2.0,0.0,1
15.0,10.0,1.0,3.0,3.0,1.0,1.0,1.0,1.0,2.0,1
20.0,15.0,4.0,5.0,2.0,0.0,1.0,0.0,2.0,0.0,1
15.0,10.0,9.0,5.0,9.0,5.0,4.0,2.0,4.0,1.0,1
26.0,25.0,5.0,6.0,4.0,1.0,2.0,1.0,2.0,0.0,1
36.0,38.0,9.0,9.0,10.0,5.0,5.0,11.0,3.0,5.0,1
18.0,17.0,1.0,3.0,7.0,3.0,2.0,3.0,6.0,0.0,0
32.0,29.0,8.0,6.0,5.0,2.0,1.0,4.0,4.0,2.0,1
34.0,30.0,8.0,9.0,6.0,2.0,0.0,0.0,2.0,0.0,1
31.0,29.0,10.0,8.0,5.0,2.0,3.0,3.0,4.0,1.0,1
4.0,4.0,2.0,1.0,3.0,2.0,0.0,1.0,2.0,1.0,0
25.0,25.0,7.0,5.0,16.0,6.0,4.0,6.0,3.0,1.0,1
5.0,2.0,0.0,0.0,5.0,3.0,2.0,2.0,2.0,1.0,0
10.0,8.0,5.0,4.0,3.0,2.0,1.0,3.0,6.0,1.0,0
15.0,14.0,6.0,6.0,5.0,1.0,2.0,4.0,1.0,0.0,1
36.0,28.0,7.0,4.0,9.0,4.0,4.0,5.0,4.0,0.0,1
16.0,13.0,7.0,8.0,3.0,2.0,0.0,1.0,7.0,1.0,0
110.0,66.0,11.0,6.0,10.0,6.0,5.0,5.0,4.0,4.0,1
31.0,21.0,7.0,1.0,8.0,3.0,6.0,10.0,2.0,3.0,1
16.0,19.0,8.0,3.0,17.0,7.0,10.0,10.0,4.0,4.0,0
64.0,47.0,9.0,11.0,32.0,15.0,13.0,16.0,16.0,6.0,1
9.0,10.0,1.0,2.0,2.0,1.0,1.0,0.0,3.0,0.0,0
38.0,27.0,17.0,11.0,29.0,13.0,13.0,16.0,11.0,6.0,1
4.0,3.0,1.0,0.0,2.0,0.0,0.0,0.0,3.0,0.0,0
58.0,44.0,17.0,8.0,9.0,5.0,10.0,13.0,2.0,2.0,1
33.0,22.0,11.0,3.0,9.0,5.0,4.0,3.0,4.0,1.0,1
31.0,27.0,4.0,7.0,16.0,6.0,8.0,6.0,2.0,3.0,1
24.0,24.0,8.0,5.0,19.0,8.0,6.0,9.0,6.0,1.0,0
72.0,53.0,14.0,6.0,6.0,7.0,2.0,1.0,6.0,1.0,1
40.0,29.0,11.0,7.0,5.0,3.0,4.0,4.0,7.0,0.0,1
39.0,41.0,20.0,7.0,4.0,4.0,3.0,1.0,3.0,0.0,1
17.0,17.0,5.0,5.0,15.0,8.0,5.0,8.0,6.0,1.0,0
40.0,43.0,14.0,7.0,5.0,4.0,3.0,1.0,3.0,0.0,1
45.0,48.0,9.0,14.0,7.0,1.0,3.0,5.0,5.0,4.0,1
29.0,25.0,19.0,15.0,17.0,8.0,7.0,11.0,2.0,6.0,1
52.0,34.0,6.0,4.0,9.0,10.0,6.0,2.0,4.0,3.0,1
4.0,5.0,1.0,0.0,3.0,0.0,2.0,1.0,3.0,0.0,0
28.0,29.0,8.0,4.0,5.0,3.0,4.0,3.0,3.0,3.0,1
77.0,81.0,22.0,15.0,25.0,8.0,15.0,21.0,9.0,3.0,1
93.0,57.0,31.0,13.0,26.0,13.0,9.0,13.0,12.0,5.0,1
49.0,40.0,18.0,7.0,21.0,11.0,6.0,11.0,6.0,1.0,1
8.0,7.0,2.0,1.0,7.0,1.0,0.0,3.0,4.0,1.0,0
23.0,14.0,6.0,5.0,3.0,1.0,1.0,2.0,2.0,0.0,1
19.0,18.0,6.0,4.0,5.0,2.0,1.0,4.0,4.0,0.0,1
103.0,54.0,48.0,12.0,36.0,19.0,15.0,30.0,13.0,10.0,1
17.0,25.0,5.0,3.0,6.0,1.0,0.0,3.0,3.0,2.0,1
59.0,41.0,26.0,18.0,28.0,10.0,10.0,21.0,10.0,1.0,1
29.0,24.0,7.0,6.0,4.0,1.0,1.0,3.0,5.0,1.0,1
88.0,79.0,28.0,22.0,25.0,13.0,16.0,14.0,12.0,4.0,1
31.0,33.0,8.0,1.0,20.0,5.0,5.0,5.0,0.0,4.0,1
49.0,49.0,16.0,9.0,13.0,6.0,5.0,5.0,4.0,3.0,1
112.0,77.0,22.0,39.0,18.0,5.0,4.0,8.0,6.0,4.0,1
41.0,39.0,16.0,11.0,20.0,8.0,11.0,11.0,11.0,7.0,1
7.0,7.0,1.0,0.0,5.0,2.0,1.0,4.0,5.0,0.0,0
27.0,12.0,7.0,3.0,4.0,2.0,4.0,3.0,4.0,2.0,1
65.0,50.0,17.0,16.0,10.0,5.0,6.0,1.0,11.0,1.0,1
94.0,65.0,41.0,20.0,15.0,5.0,11.0,11.0,8.0,6.0,1
31.0,21.0,6.0,1.0,9.0,3.0,7.0,8.0,2.0,1.0,1
10.0,4.0,8.0,4.0,8.0,5.0,3.0,3.0,3.0,1.0,1
15.0,18.0,4.0,3.0,2.0,1.0,1.0,1.0,2.0,3.0,1
34.0,21.0,3.0,1.0,15.0,8.0,3.0,3.0,2.0,1.0,1
144.0,103.0,64.0,24.0,98.0,48.0,42.0,65.0,20.0,24.0,1
99.0,78.0,43.0,45.0,14.0,5.0,9.0,14.0,4.0,3.0,1
16.0,17.0,1.0,2.0,0.0,0.0,0.0,0.0,0.0,2.0,1
40.0,33.0,11.0,3.0,30.0,14.0,31.0,31.0,3.0,6.0,1
587.0,323.0,228.0,86.0,332.0,166.0,88.0,190.0,105.0,60.0,1
20.0,11.0,6.0,4.0,1.0,1.0,2.0,1.0,0.0,0.0,1
40.0,33.0,11.0,5.0,4.0,1.0,2.0,2.0,5.0,0.0,1
21.0,7.0,1.0,0.0,1.0,0.0,1.0,2.0,0.0,1.0,1
38.0,32.0,5.0,3.0,11.0,2.0,4.0,4.0,1.0,1.0,1
40.0,33.0,11.0,3.0,30.0,14.0,31.0,31.0,3.0,6.0,1
587.0,323.0,228.0,86.0,332.0,166.0,88.0,190.0,105.0,60.0,1
20.0,11.0,6.0,4.0,1.0,1.0,2.0,1.0,0.0,0.0,1
40.0,33.0,11.0,5.0,4.0,1.0,2.0,2.0,5.0,0.0,1
21.0,7.0,1.0,0.0,1.0,0.0,1.0,2.0,0.0,1.0,1
25.0,18.0,5.0,5.0,5.0,1.0,2.0,0.0,5.0,1.0,1
29.0,29.0,5.0,4.0,5.0,4.0,4.0,3.0,4.0,2.0,1
46.0,32.0,8.0,6.0,10.0,2.0,6.0,6.0,4.0,1.0,1
57.0,40.0,14.0,26.0,17.0,3.0,7.0,4.0,4.0,3.0,1
58.0,48.0,20.0,13.0,12.0,1.0,3.0,5.0,5.0,3.0,1
58.0,48.0,20.0,13.0,12.0,1.0,3.0,5.0,5.0,3.0,1
54.0,42.0,13.0,13.0,15.0,2.0,3.0,7.0,2.0,2.0,1
32.0,23.0,6.0,5.0,4.0,0.0,1.0,1.0,2.0,0.0,1
37.0,28.0,6.0,9.0,8.0,3.0,3.0,6.0,5.0,1.0,1
6.0,3.0,1.0,0.0,3.0,1.0,2.0,2.0,2.0,1.0,0
32.0,26.0,7.0,3.0,8.0,1.0,2.0,5.0,3.0,1.0,1
10.0,7.0,7.0,1.0,4.0,0.0,1.0,1.0,0.0,1.0,1
89.0,46.0,13.0,16.0,12.0,3.0,5.0,7.0,4.0,3.0,1
29.0,17.0,4.0,1.0,8.0,4.0,3.0,3.0,2.0,3.0,1
20.0,9.0,5.0,2.0,6.0,2.0,3.0,3.0,1.0,1.0,1
26.0,11.0,6.0,5.0,2.0,1.0,1.0,1.0,2.0,1.0,1
15.0,11.0,4.0,4.0,3.0,1.0,1.0,1.0,4.0,2.0,1
12.0,14.0,0.0,0.0,9.0,2.0,7.0,7.0,1.0,3.0,1
24.0,15.0,4.0,3.0,5.0,1.0,1.0,2.0,3.0,0.0,1
87.0,101.0,32.0,24.0,16.0,6.0,14.0,6.0,4.0,5.0,1
23.0,9.0,5.0,1.0,4.0,0.0,2.0,3.0,2.0,1.0,1
49.0,41.0,17.0,7.0,19.0,6.0,11.0,14.0,10.0,7.0,1
66.0,53.0,17.0,8.0,15.0,7.0,9.0,7.0,6.0,0.0,1
60.0,50.0,17.0,8.0,14.0,6.0,9.0,7.0,6.0,0.0,0
43.0,27.0,5.0,6.0,5.0,1.0,0.0,0.0,0.0,0.0,1
39.0,18.0,7.0,9.0,7.0,5.0,7.0,6.0,2.0,0.0,1
23.0,16.0,3.0,3.0,2.0,1.0,1.0,0.0,2.0,0.0,1
30.0,32.0,5.0,7.0,4.0,1.0,2.0,3.0,1.0,1.0,1
72.0,45.0,17.0,13.0,11.0,7.0,7.0,5.0,5.0,1.0,1
37.0,24.0,11.0,6.0,7.0,3.0,3.0,4.0,5.0,0.0,1
17.0,9.0,0.0,1.0,5.0,3.0,0.0,2.0,0.0,0.0,1
17.0,9.0,0.0,1.0,5.0,3.0,0.0,2.0,0.0,0.0,1
59.0,67.0,27.0,15.0,11.0,5.0,5.0,4.0,2.0,9.0,1
38.0,39.0,6.0,5.0,6.0,1.0,5.0,5.0,2.0,0.0,1
13.0,8.0,5.0,2.0,4.0,3.0,2.0,1.0,0.0,1.0,1
23.0,19.0,4.0,6.0,4.0,0.0,0.0,2.0,2.0,0.0,1
40.0,32.0,8.0,5.0,4.0,1.0,3.0,4.0,1.0,2.0,1
28.0,23.0,7.0,2.0,6.0,0.0,2.0,2.0,1.0,0.0,1
62.0,53.0,17.0,14.0,21.0,10.0,9.0,17.0,3.0,3.0,1
24.0,20.0,4.0,1.0,6.0,0.0,2.0,4.0,2.0,1.0,1
23.0,22.0,2.0,4.0,4.0,2.0,3.0,3.0,4.0,6.0,1
43.0,29.0,15.0,14.0,15.0,13.0,8.0,9.0,17.0,8.0,1
21.0,20.0,4.0,4.0,3.0,1.0,0.0,1.0,2.0,2.0,1
26.0,17.0,1.0,3.0,5.0,1.0,4.0,4.0,1.0,1.0,1
15.0,8.0,1.0,1.0,1.0,1.0,0.0,0.0,0.0,0.0,1
43.0,34.0,11.0,5.0,13.0,5.0,1.0,2.0,5.0,1.0,1
67.0,49.0,24.0,23.0,7.0,6.0,6.0,5.0,3.0,0.0,1
66.0,38.0,21.0,13.0,27.0,12.0,12.0,15.0,17.0,7.0,1
32.0,24.0,5.0,5.0,3.0,1.0,0.0,0.0,0.0,2.0,1
44.0,35.0,6.0,6.0,11.0,5.0,3.0,6.0,1.0,1.0,1
73.0,53.0,20.0,22.0,17.0,7.0,10.0,13.0,9.0,4.0,1
22.0,14.0,3.0,3.0,2.0,1.0,0.0,0.0,3.0,3.0,1
18.0,16.0,7.0,2.0,6.0,2.0,1.0,1.0,4.0,1.0,1
26.0,21.0,3.0,6.0,4.0,2.0,1.0,2.0,3.0,1.0,1
40.0,27.0,10.0,8.0,14.0,8.0,7.0,7.0,1.0,1.0,1
30.0,23.0,6.0,9.0,4.0,2.0,1.0,2.0,1.0,1.0,1
39.0,25.0,9.0,3.0,10.0,5.0,4.0,2.0,5.0,0.0,1
24.0,20.0,2.0,5.0,5.0,2.0,3.0,5.0,0.0,0.0,1
17.0,14.0,2.0,1.0,2.0,0.0,1.0,0.0,1.0,0.0,1
32.0,25.0,6.0,5.0,9.0,3.0,3.0,2.0,4.0,1.0,1
49.0,34.0,16.0,10.0,30.0,13.0,13.0,18.0,7.0,8.0,1
16.0,13.0,5.0,4.0,3.0,3.0,2.0,2.0,1.0,1.0,1
18.0,16.0,7.0,2.0,6.0,2.0,1.0,1.0,4.0,1.0,1
26.0,21.0,3.0,6.0,4.0,2.0,1.0,2.0,3.0,1.0,1
40.0,27.0,10.0,8.0,14.0,8.0,7.0,7.0,1.0,1.0,1
16.0,13.0,5.0,4.0,3.0,3.0,2.0,2.0,1.0,1.0,1
26.0,17.0,6.0,5.0,4.0,0.0,4.0,2.0,1.0,3.0,1
26.0,20.0,3.0,5.0,4.0,1.0,1.0,0.0,1.0,0.0,1
57.0,40.0,15.0,10.0,7.0,5.0,4.0,5.0,1.0,0.0,1
20.0,19.0,5.0,4.0,6.0,4.0,5.0,5.0,4.0,3.0,1
17.0,10.0,3.0,6.0,4.0,2.0,0.0,3.0,2.0,1.0,1
64.0,45.0,19.0,16.0,25.0,17.0,17.0,12.0,22.0,5.0,1
22.0,26.0,7.0,7.0,7.0,3.0,3.0,2.0,3.0,2.0,1
20.0,19.0,5.0,4.0,6.0,4.0,5.0,5.0,4.0,3.0,1
17.0,10.0,3.0,6.0,4.0,2.0,0.0,3.0,2.0,1.0,1
64.0,45.0,19.0,16.0,25.0,17.0,17.0,12.0,22.0,5.0,1
22.0,26.0,7.0,7.0,7.0,3.0,3.0,2.0,3.0,2.0,1
54.0,40.0,10.0,8.0,21.0,8.0,16.0,15.0,4.0,5.0,1
0.0,0.0,0.0,0.0,0.0,0.0,0.0,0.0,0.0,0.0,1
9.0,4.0,4.0,1.0,6.0,4.0,5.0,5.0,2.0,3.0,0
30.0,22.0,5.0,7.0,5.0,1.0,0.0,1.0,3.0,1.0,1
16.0,12.0,2.0,1.0,5.0,2.0,2.0,2.0,0.0,0.0,1
48.0,30.0,7.0,11.0,11.0,10.0,4.0,6.0,2.0,3.0,1
16.0,12.0,2.0,1.0,5.0,2.0,2.0,2.0,0.0,0.0,1
28.0,20.0,5.0,4.0,4.0,1.0,1.0,1.0,2.0,0.0,1
0.0,0.0,0.0,0.0,0.0,0.0,0.0,0.0,0.0,0.0,1
50.0,28.0,14.0,8.0,12.0,8.0,10.0,13.0,4.0,4.0,1
26.0,23.0,6.0,4.0,2.0,0.0,0.0,1.0,3.0,2.0,1
37.0,26.0,7.0,1.0,13.0,2.0,4.0,3.0,4.0,1.0,1
21.0,24.0,5.0,4.0,6.0,2.0,3.0,5.0,4.0,5.0,1
42.0,20.0,7.0,3.0,2.0,1.0,1.0,1.0,4.0,0.0,1
17.0,9.0,2.0,0.0,0.0,0.0,0.0,0.0,0.0,1.0,1
32.0,17.0,9.0,7.0,13.0,8.0,4.0,2.0,4.0,4.0,1
40.0,29.0,5.0,8.0,7.0,6.0,6.0,5.0,4.0,1.0,1
26.0,24.0,11.0,6.0,3.0,1.0,0.0,1.0,2.0,2.0,1
23.0,16.0,5.0,5.0,4.0,4.0,3.0,5.0,0.0,2.0,1
57.0,38.0,16.0,7.0,16.0,4.0,12.0,6.0,2.0,4.0,1
21.0,14.0,2.0,3.0,13.0,6.0,5.0,7.0,7.0,4.0,1
23.0,19.0,9.0,5.0,5.0,3.0,4.0,4.0,3.0,1.0,1
95.0,84.0,24.0,14.0,14.0,6.0,8.0,4.0,5.0,5.0,1
32.0,17.0,9.0,7.0,13.0,8.0,4.0,2.0,4.0,4.0,1
40.0,29.0,5.0,8.0,7.0,6.0,6.0,5.0,4.0,1.0,1
26.0,24.0,11.0,6.0,3.0,1.0,0.0,1.0,2.0,2.0,1
23.0,16.0,5.0,5.0,4.0,4.0,3.0,5.0,0.0,2.0,1
57.0,38.0,16.0,7.0,16.0,4.0,12.0,6.0,2.0,4.0,1
21.0,14.0,2.0,3.0,13.0,6.0,5.0,7.0,7.0,4.0,1
23.0,19.0,9.0,5.0,5.0,3.0,4.0,4.0,3.0,1.0,1
40.0,29.0,5.0,8.0,7.0,6.0,6.0,5.0,4.0,1.0,1
26.0,24.0,11.0,6.0,3.0,1.0,0.0,1.0,2.0,2.0,1
23.0,16.0,5.0,5.0,4.0,4.0,3.0,5.0,0.0,2.0,1
9.0,6.0,1.0,1.0,1.0,0.0,1.0,0.0,4.0,0.0,0
36.0,28.0,9.0,7.0,13.0,4.0,2.0,3.0,5.0,1.0,1
45.0,34.0,10.0,11.0,6.0,5.0,3.0,4.0,4.0,2.0,1
33.0,29.0,7.0,9.0,9.0,4.0,4.0,7.0,3.0,3.0,1
31.0,27.0,12.0,7.0,13.0,3.0,8.0,9.0,4.0,4.0,1
28.0,17.0,3.0,3.0,2.0,0.0,1.0,2.0,2.0,0.0,1
20.0,12.0,4.0,5.0,3.0,1.0,0.0,0.0,2.0,0.0,1
49.0,38.0,16.0,14.0,16.0,7.0,12.0,10.0,3.0,3.0,1
34.0,25.0,6.0,3.0,7.0,3.0,6.0,5.0,3.0,3.0,1
19.0,18.0,5.0,4.0,4.0,2.0,1.0,2.0,0.0,1.0,1
48.0,33.0,15.0,17.0,8.0,5.0,5.0,4.0,3.0,1.0,1
21.0,17.0,6.0,7.0,4.0,2.0,4.0,3.0,2.0,4.0,1
46.0,32.0,19.0,19.0,5.0,1.0,4.0,6.0,5.0,0.0,1
34.0,22.0,10.0,10.0,10.0,10.0,5.0,3.0,5.0,5.0,1
7.0,4.0,4.0,2.0,6.0,4.0,5.0,5.0,4.0,3.0,0
77.0,49.0,26.0,28.0,26.0,13.0,14.0,17.0,11.0,5.0,1
27.0,22.0,6.0,2.0,11.0,4.0,2.0,3.0,7.0,2.0,1
34.0,22.0,10.0,10.0,10.0,10.0,5.0,3.0,5.0,5.0,1
7.0,4.0,4.0,2.0,6.0,4.0,5.0,5.0,4.0,3.0,0
28.0,18.0,8.0,7.0,5.0,0.0,2.0,0.0,0.0,0.0,1
28.0,18.0,8.0,7.0,5.0,0.0,2.0,0.0,0.0,0.0,1
70.0,61.0,20.0,15.0,11.0,3.0,11.0,15.0,5.0,2.0,1
33.0,32.0,5.0,3.0,7.0,2.0,6.0,3.0,1.0,2.0,1
40.0,25.0,7.0,7.0,17.0,6.0,5.0,4.0,4.0,2.0,1
45.0,31.0,14.0,12.0,10.0,6.0,9.0,5.0,7.0,2.0,1
40.0,33.0,14.0,7.0,6.0,3.0,1.0,3.0,2.0,2.0,1
39.0,25.0,7.0,8.0,9.0,1.0,2.0,4.0,3.0,1.0,1
42.0,28.0,11.0,6.0,9.0,4.0,5.0,2.0,2.0,4.0,1
32.0,25.0,8.0,6.0,3.0,1.0,3.0,0.0,0.0,1.0,1
32.0,25.0,8.0,6.0,3.0,1.0,3.0,0.0,0.0,1.0,1
34.0,24.0,11.0,8.0,9.0,4.0,5.0,5.0,2.0,5.0,1
22.0,17.0,4.0,4.0,7.0,2.0,4.0,3.0,3.0,0.0,1
116.0,103.0,35.0,30.0,24.0,6.0,16.0,20.0,15.0,4.0,1
4.0,2.0,0.0,0.0,6.0,3.0,5.0,5.0,4.0,3.0,0
32.0,24.0,11.0,8.0,5.0,2.0,2.0,3.0,4.0,0.0,1
43.0,32.0,9.0,5.0,11.0,1.0,4.0,4.0,1.0,3.0,1
3.0,2.0,1.0,0.0,5.0,2.0,2.0,3.0,2.0,2.0,0
78.0,64.0,21.0,20.0,19.0,1.0,6.0,4.0,6.0,0.0,1
36.0,29.0,16.0,9.0,5.0,3.0,3.0,3.0,7.0,5.0,1
91.0,65.0,25.0,13.0,20.0,9.0,10.0,9.0,5.0,8.0,1
2.0,1.0,0.0,0.0,3.0,2.0,1.0,1.0,3.0,1.0,0
2.0,1.0,0.0,0.0,3.0,2.0,1.0,1.0,3.0,1.0,0
45.0,34.0,18.0,11.0,8.0,3.0,3.0,3.0,4.0,3.0,1
18.0,12.0,5.0,3.0,3.0,1.0,1.0,1.0,1.0,0.0,1
34.0,33.0,2.0,4.0,3.0,2.0,5.0,5.0,2.0,2.0,1
24.0,17.0,8.0,3.0,3.0,1.0,2.0,1.0,4.0,0.0,1
77.0,71.0,25.0,10.0,11.0,4.0,3.0,4.0,5.0,7.0,1
59.0,22.0,10.0,12.0,7.0,2.0,3.0,5.0,8.0,1.0,1
11.0,6.0,4.0,3.0,3.0,2.0,3.0,2.0,7.0,1.0,0
10.0,3.0,6.0,0.0,6.0,0.0,2.0,0.0,1.0,0.0,1
17.0,7.0,1.0,1.0,2.0,0.0,0.0,0.0,1.0,1.0,1
5.0,1.0,2.0,1.0,6.0,3.0,4.0,5.0,2.0,2.0,0
17.0,7.0,1.0,1.0,2.0,0.0,0.0,0.0,1.0,1.0,1
14.0,12.0,1.0,2.0,7.0,2.0,3.0,2.0,0.0,3.0,1
16.0,9.0,3.0,2.0,8.0,4.0,4.0,3.0,2.0,1.0,1
16.0,9.0,3.0,2.0,8.0,4.0,4.0,3.0,2.0,1.0,1
7.0,6.0,1.0,2.0,5.0,4.0,4.0,4.0,4.0,4.0,0
38.0,29.0,15.0,10.0,12.0,8.0,10.0,5.0,10.0,3.0,1
73.0,64.0,16.0,15.0,12.0,3.0,3.0,3.0,10.0,1.0,1
51.0,33.0,11.0,11.0,10.0,5.0,7.0,7.0,4.0,2.0,1
4.0,2.0,2.0,0.0,7.0,2.0,3.0,2.0,4.0,3.0,0
25.0,12.0,4.0,2.0,2.0,0.0,1.0,1.0,2.0,0.0,1
35.0,19.0,4.0,6.0,5.0,1.0,2.0,3.0,2.0,0.0,1
24.0,14.0,4.0,2.0,6.0,1.0,3.0,2.0,4.0,2.0,1
99.0,47.0,28.0,18.0,17.0,8.0,8.0,12.0,18.0,8.0,1
16.0,10.0,7.0,6.0,10.0,8.0,4.0,6.0,6.0,4.0,0
1.0,3.0,0.0,0.0,3.0,2.0,1.0,2.0,3.0,2.0,0
33.0,24.0,6.0,5.0,2.0,0.0,2.0,2.0,3.0,0.0,1
14.0,13.0,2.0,1.0,1.0,0.0,0.0,0.0,1.0,0.0,1
27.0,18.0,2.0,2.0,8.0,4.0,2.0,8.0,2.0,0.0,1
11.0,9.0,7.0,4.0,5.0,5.0,0.0,0.0,4.0,0.0,0
22.0,20.0,3.0,3.0,1.0,0.0,0.0,0.0,1.0,2.0,1
51.0,41.0,17.0,12.0,12.0,3.0,4.0,11.0,4.0,3.0,1
21.0,17.0,4.0,5.0,1.0,0.0,2.0,2.0,1.0,0.0,1
62.0,51.0,16.0,14.0,18.0,7.0,5.0,7.0,4.0,3.0,1
38.0,28.0,6.0,9.0,6.0,3.0,3.0,5.0,6.0,0.0,1
51.0,42.0,9.0,4.0,15.0,6.0,11.0,8.0,5.0,4.0,1
56.0,45.0,13.0,12.0,13.0,1.0,6.0,13.0,8.0,1.0,1
49.0,40.0,15.0,8.0,8.0,1.0,3.0,3.0,1.0,2.0,1
29.0,29.0,8.0,4.0,6.0,2.0,2.0,2.0,5.0,4.0,1
85.0,73.0,40.0,43.0,10.0,7.0,6.0,5.0,11.0,5.0,1
33.0,32.0,9.0,7.0,13.0,4.0,4.0,4.0,1.0,4.0,1
25.0,24.0,3.0,4.0,6.0,1.0,7.0,7.0,2.0,2.0,1
37.0,31.0,7.0,4.0,12.0,4.0,5.0,8.0,2.0,5.0,1
30.0,21.0,11.0,4.0,10.0,3.0,1.0,2.0,6.0,0.0,1
84.0,90.0,19.0,16.0,19.0,4.0,4.0,8.0,3.0,10.0,1
44.0,24.0,10.0,7.0,11.0,5.0,6.0,6.0,1.0,4.0,1
68.0,67.0,19.0,9.0,4.0,1.0,4.0,5.0,5.0,5.0,1
28.0,25.0,4.0,3.0,4.0,0.0,2.0,2.0,2.0,1.0,1
30.0,23.0,5.0,3.0,7.0,1.0,4.0,3.0,5.0,1.0,1
19.0,9.0,8.0,3.0,1.0,0.0,1.0,0.0,0.0,0.0,1
47.0,36.0,12.0,10.0,14.0,4.0,8.0,5.0,2.0,5.0,1
96.0,72.0,22.0,19.0,15.0,10.0,15.0,16.0,15.0,7.0,1
31.0,25.0,9.0,7.0,6.0,1.0,2.0,2.0,5.0,3.0,1
54.0,52.0,14.0,9.0,9.0,6.0,6.0,6.0,3.0,5.0,1
60.0,43.0,9.0,10.0,7.0,1.0,3.0,5.0,3.0,1.0,1
24.0,14.0,3.0,4.0,6.0,3.0,0.0,1.0,1.0,1.0,1
39.0,31.0,15.0,14.0,7.0,2.0,4.0,5.0,9.0,1.0,1
16.0,10.0,2.0,7.0,2.0,0.0,1.0,0.0,3.0,0.0,0
20.0,14.0,5.0,6.0,4.0,1.0,3.0,4.0,7.0,1.0,0
33.0,18.0,6.0,5.0,4.0,1.0,1.0,3.0,2.0,0.0,1
57.0,37.0,10.0,9.0,17.0,6.0,10.0,8.0,5.0,3.0,1
32.0,19.0,10.0,11.0,4.0,3.0,3.0,1.0,3.0,0.0,1
45.0,39.0,7.0,2.0,9.0,4.0,2.0,2.0,2.0,1.0,1
27.0,17.0,4.0,4.0,3.0,1.0,1.0,0.0,2.0,1.0,1
45.0,39.0,7.0,2.0,9.0,4.0,2.0,2.0,2.0,1.0,1
27.0,17.0,4.0,4.0,3.0,1.0,1.0,0.0,2.0,1.0,1
44.0,31.0,9.0,7.0,4.0,0.0,0.0,0.0,2.0,2.0,1
44.0,24.0,7.0,8.0,7.0,2.0,4.0,3.0,5.0,3.0,1
1.0,3.0,3.0,0.0,4.0,1.0,2.0,1.0,3.0,2.0,0
35.0,27.0,7.0,8.0,10.0,4.0,10.0,13.0,5.0,2.0,1
23.0,19.0,5.0,6.0,4.0,2.0,0.0,3.0,2.0,1.0,1
24.0,21.0,8.0,7.0,5.0,0.0,3.0,3.0,2.0,0.0,1
5.0,4.0,0.0,0.0,2.0,1.0,1.0,3.0,2.0,0.0,0
24.0,21.0,8.0,7.0,5.0,0.0,3.0,3.0,2.0,0.0,1
32.0,19.0,9.0,6.0,9.0,5.0,4.0,7.0,3.0,1.0,1
46.0,26.0,6.0,5.0,11.0,8.0,9.0,11.0,8.0,3.0,1
46.0,30.0,10.0,8.0,7.0,5.0,3.0,3.0,3.0,1.0,1
46.0,30.0,10.0,8.0,7.0,5.0,3.0,3.0,3.0,1.0,1
26.0,23.0,9.0,4.0,4.0,1.0,1.0,2.0,4.0,2.0,1
15.0,17.0,3.0,1.0,1.0,1.0,1.0,0.0,3.0,1.0,1
38.0,32.0,4.0,3.0,15.0,4.0,6.0,4.0,8.0,3.0,1
20.0,14.0,5.0,7.0,1.0,1.0,0.0,0.0,1.0,0.0,1
39.0,22.0,10.0,6.0,3.0,2.0,0.0,0.0,7.0,2.0,1
60.0,53.0,10.0,11.0,16.0,7.0,4.0,6.0,7.0,2.0,1
35.0,30.0,13.0,12.0,9.0,5.0,5.0,8.0,3.0,2.0,1
48.0,33.0,15.0,11.0,8.0,3.0,3.0,3.0,7.0,5.0,1
